"mission","id","world","strategy","deck","seconds","result","generated","collected","spent","placed","lost","remaining","kills","roombas","survivorDamage","dangerSeconds","nearestX","tuna","stars","maxInvaders","peakPressureAt","placementsByCat"
"1","0","patio","reference","launcher","127.27","win","400","400","300","3","0","300","8","0","0","0.0","5.55","0","3","2","113.0","launcher:3"
"1","0","patio","initial","launcher","127.27","win","400","400","300","3","0","300","8","0","0","0.0","5.55","0","3","2","113.0","launcher:3"
"1","0","patio","defensive","launcher","127.27","win","400","400","300","3","0","300","8","0","0","0.0","5.55","0","3","2","113.0","launcher:3"
"1","0","patio","offensive","launcher","127.27","win","400","400","300","3","0","300","8","0","0","0.0","5.55","0","3","2","113.0","launcher:3"
"1","0","patio","moderate","launcher","127.27","win","400","400","300","3","0","300","8","0","0","0.0","5.55","0","3","2","113.0","launcher:3"
"1","0","patio","no_tuna","launcher","127.27","win","400","400","300","3","0","300","8","0","0","0.0","5.55","0","3","2","113.0","launcher:3"
"1","0","patio","strategic_tuna","launcher","127.27","win","400","400","300","3","0","300","8","0","0","0.0","5.55","0","3","2","113.0","launcher:3"
"1","0","patio","late","launcher","158.82","win","500","500","700","7","4","0","8","0","1050","0.0","2.1","0","3","5","116.0","launcher:7"
"1","0","patio","world","launcher","127.27","win","400","400","300","3","0","300","8","0","0","0.0","5.55","0","3","2","113.0","launcher:3"
"2","1","patio","reference","launcher|sunflower","123.18","win","975","950","850","11","1","250","18","0","350","0.0","2.1","0","3","8","68.5","sunflower:5|launcher:6"
"2","1","patio","initial","launcher|sunflower","123.18","win","975","950","850","11","1","250","18","0","350","0.0","2.1","0","3","8","68.5","sunflower:5|launcher:6"
"2","1","patio","defensive","sunflower|launcher","123.18","win","975","950","850","11","1","250","18","0","350","0.0","2.1","0","3","8","68.5","sunflower:5|launcher:6"
"2","1","patio","offensive","sunflower|launcher","123.18","win","975","950","850","11","1","250","18","0","350","0.0","2.1","0","3","8","68.5","launcher:6|sunflower:5"
"2","1","patio","moderate","launcher|sunflower","124.35","win","975","950","850","11","1","250","18","0","600","0.0","1.95","0","3","9","71.0","sunflower:5|launcher:6"
"2","1","patio","no_tuna","launcher|sunflower","123.18","win","975","950","850","11","1","250","18","0","350","0.0","2.1","0","3","8","68.5","sunflower:5|launcher:6"
"2","1","patio","strategic_tuna","launcher|sunflower","123.18","win","975","950","850","11","1","250","18","0","350","0.0","2.1","0","3","8","68.5","sunflower:5|launcher:6"
"2","1","patio","late","launcher|sunflower","147.85","win","875","875","950","14","5","75","18","3","1250","28.0","-0.08","0","1","10","102.0","sunflower:9|launcher:5"
"2","1","patio","world","sunflower|launcher","123.18","win","975","950","850","11","1","250","18","0","350","0.0","2.1","0","3","8","68.5","sunflower:5|launcher:6"
"3","2","patio","reference","launcher|sunflower|barrier","150.6","win","1125","1125","1200","18","4","75","20","2","2650","22.5","-0.08","0","1","9","108.0","sunflower:8|launcher:6|barrier:4"
"3","2","patio","initial","launcher|sunflower|barrier","150.6","win","1125","1125","1200","18","4","75","20","2","2650","22.5","-0.08","0","1","9","108.0","sunflower:8|launcher:6|barrier:4"
"3","2","patio","defensive","sunflower|launcher|barrier","148.6","win","1125","1125","1250","20","8","25","20","2","8650","46.5","-0.11","0","1","11","118.0","sunflower:11|launcher:5|barrier:4"
"3","2","patio","offensive","sunflower|launcher","148.5","win","1175","1175","1300","17","7","25","20","1","1850","32.5","-0.08","0","1","8","106.0","launcher:9|sunflower:8"
"3","2","patio","moderate","launcher|sunflower|barrier","167.6","win","1300","1300","1250","19","4","200","20","2","6450","22.5","-0.08","0","1","11","108.0","sunflower:8|launcher:6|barrier:5"
"3","2","patio","no_tuna","launcher|sunflower|barrier","150.6","win","1125","1125","1200","18","4","75","20","2","2650","22.5","-0.08","0","1","9","108.0","sunflower:8|launcher:6|barrier:4"
"3","2","patio","strategic_tuna","launcher|sunflower|barrier","150.6","win","1125","1125","1200","18","4","75","20","2","2650","22.5","-0.08","0","1","9","108.0","sunflower:8|launcher:6|barrier:4"
"3","2","patio","late","launcher|sunflower|barrier","220.5","loss","1450","1450","1600","25","11","0","19","3","6600","69.0","-0.15","0","0","12","102.5","sunflower:14|launcher:7|barrier:4"
"3","2","patio","world","sunflower|launcher|barrier","150.6","win","1125","1125","1200","18","4","75","20","2","2650","22.5","-0.08","0","1","9","108.0","sunflower:8|launcher:6|barrier:4"
"4","3","patio","reference","launcher|sunflower|barrier|ice","158.78","win","1225","1225","1250","19","5","125","22","2","4950","29.0","-0.08","0","1","10","102.5","sunflower:9|launcher:6|barrier:4"
"4","3","patio","initial","launcher|sunflower|barrier|ice","158.78","win","1225","1225","1250","19","5","125","22","2","4950","29.0","-0.08","0","1","10","102.5","sunflower:9|launcher:6|barrier:4"
"4","3","patio","defensive","sunflower|launcher|barrier|ice","148.6","win","1175","1175","1300","21","7","25","22","2","12100","45.5","-0.09","0","1","12","105.0","sunflower:10|launcher:5|barrier:6"
"4","3","patio","offensive","sunflower|launcher|ice","158.78","win","1225","1225","1250","17","7","125","22","1","1950","32.5","-0.08","0","1","9","106.0","launcher:8|sunflower:9"
"4","3","patio","moderate","launcher|sunflower|barrier|ice","187.6","win","1450","1450","1350","20","7","250","22","3","8050","36.0","-0.08","0","1","11","108.0","sunflower:9|launcher:7|barrier:4"
"4","3","patio","no_tuna","launcher|sunflower|barrier|ice","158.78","win","1225","1225","1250","19","5","125","22","2","4950","29.0","-0.08","0","1","10","102.5","sunflower:9|launcher:6|barrier:4"
"4","3","patio","strategic_tuna","launcher|sunflower|barrier|ice","158.78","win","1225","1225","1250","19","5","125","22","2","4950","29.0","-0.08","0","1","10","102.5","sunflower:9|launcher:6|barrier:4"
"4","3","patio","late","launcher|sunflower|barrier|ice","220.5","loss","1450","1450","1600","25","11","0","21","3","7450","69.0","-0.15","0","0","12","102.5","sunflower:14|launcher:7|barrier:4"
"4","3","patio","world","sunflower|launcher|barrier|ice","158.78","win","1225","1225","1250","19","5","125","22","2","4950","29.0","-0.08","0","1","10","102.5","sunflower:9|launcher:6|barrier:4"
"5","4","patio","reference","launcher|sunflower|barrier|ice","168.98","win","1275","1275","1375","19","4","50","24","2","5200","22.5","-0.08","0","1","10","108.0","sunflower:8|launcher:6|barrier:4|ice:1"
"5","4","patio","initial","launcher|sunflower|barrier|ice|mine","166.28","win","1275","1275","1425","28","4","0","24","2","4350","28.0","-0.08","0","1","9","126.5","sunflower:8|launcher:6|mine:11|barrier:3"
"5","4","patio","defensive","sunflower|launcher|barrier|mine|ice","207.0","win","1575","1575","1725","36","11","0","24","3","11950","42.5","-0.08","0","1","10","119.0","sunflower:11|launcher:5|mine:13|barrier:7"
"5","4","patio","offensive","sunflower|launcher|ice","164.27","win","1300","1300","1300","17","7","150","24","1","1850","32.5","-0.08","0","1","9","97.5","launcher:9|sunflower:8"
"5","4","patio","moderate","launcher|sunflower|barrier|ice","178.43","win","1400","1400","1425","20","4","125","24","2","6700","22.5","-0.08","0","1","11","108.0","sunflower:8|launcher:6|barrier:5|ice:1"
"5","4","patio","no_tuna","launcher|sunflower|barrier|ice","168.98","win","1275","1275","1375","19","4","50","24","2","5200","22.5","-0.08","0","1","10","108.0","sunflower:8|launcher:6|barrier:4|ice:1"
"5","4","patio","strategic_tuna","launcher|sunflower|barrier|ice","168.98","win","1275","1275","1375","19","4","50","24","2","5200","22.5","-0.08","0","1","10","108.0","sunflower:8|launcher:6|barrier:4|ice:1"
"5","4","patio","late","launcher|sunflower|barrier|ice","220.5","loss","1450","1450","1600","25","11","0","23","3","8000","69.0","-0.15","0","0","12","102.5","sunflower:14|launcher:7|barrier:4"
"5","4","patio","world","sunflower|launcher|barrier|ice","168.98","win","1275","1275","1375","19","4","50","24","2","5200","22.5","-0.08","0","1","10","108.0","sunflower:8|launcher:6|barrier:4|ice:1"
"6","5","patio","reference","launcher|sunflower|barrier|ice|bomb","179.42","win","1425","1400","1550","20","4","0","26","2","3550","22.5","-0.08","0","1","10","101.0","sunflower:8|launcher:6|barrier:4|ice:2"
"6","5","patio","initial","launcher|sunflower|barrier|ice|mine|bomb","176.18","win","1325","1300","1450","29","5","0","26","2","2400","29.0","-0.08","0","1","8","125.5","sunflower:9|launcher:6|mine:12|barrier:2"
"6","5","patio","defensive","sunflower|launcher|barrier|mine|ice","180.88","win","1400","1400","1550","33","8","0","26","3","8150","40.5","-0.08","0","1","11","130.0","sunflower:11|launcher:4|mine:12|barrier:6"
"6","5","patio","offensive","sunflower|launcher|ice","180.77","win","1450","1450","1550","18","6","50","26","1","1700","29.5","-0.08","0","1","9","125.5","launcher:8|sunflower:8|ice:2"
"6","5","patio","moderate","launcher|sunflower|barrier|ice|bomb","204.8","win","1575","1575","1600","23","8","125","26","3","11700","36.0","-0.08","0","1","11","108.0","sunflower:9|launcher:7|barrier:6|bomb:1"
"6","5","patio","no_tuna","launcher|sunflower|barrier|ice|bomb","179.42","win","1425","1400","1550","20","4","0","26","2","3550","22.5","-0.08","0","1","10","101.0","sunflower:8|launcher:6|barrier:4|ice:2"
"6","5","patio","strategic_tuna","launcher|sunflower|barrier|ice|bomb","179.42","win","1425","1400","1550","20","4","0","26","2","3550","22.5","-0.08","0","1","10","101.0","sunflower:8|launcher:6|barrier:4|ice:2"
"6","5","patio","late","launcher|sunflower|barrier|ice|bomb","220.5","loss","1450","1450","1600","25","11","0","25","3","10350","69.0","-0.15","0","0","12","102.5","sunflower:14|launcher:7|barrier:4"
"6","5","patio","world","sunflower|launcher|barrier|ice|bomb","179.42","win","1425","1400","1550","20","4","0","26","2","3550","22.5","-0.08","0","1","10","101.0","sunflower:8|launcher:6|barrier:4|ice:2"
"7","6","patio","reference","launcher|sunflower|barrier|ice|bomb|catapult","234.82","win","1850","1850","2000","29","14","0","28","2","19050","50.5","-0.12","0","1","12","114.5","sunflower:11|launcher:8|barrier:8|catapult:2"
"7","6","patio","initial","launcher|sunflower|barrier|ice|mine|bomb","220.18","win","1725","1725","1725","33","4","150","28","2","5500","27.0","-0.14","0","1","11","123.5","sunflower:8|launcher:6|mine:14|barrier:4|ice:1"
"7","6","patio","defensive","sunflower|launcher|barrier|mine|ice|catapult","310.98","loss","2350","2350","2500","54","26","0","27","4","16800","166.0","-0.15","0","0","12","130.0","sunflower:27|launcher:4|mine:16|barrier:7"
"7","6","patio","offensive","sunflower|launcher|catapult|ice","229.98","loss","1700","1700","1825","27","24","25","26","5","6000","98.5","-0.15","0","0","14","142.0","launcher:8|sunflower:18|catapult:1"
"7","6","patio","moderate","launcher|sunflower|barrier|ice|bomb|catapult","197.0","loss","1200","1200","1325","21","11","25","21","4","10350","70.5","-0.15","0","0","13","97.0","sunflower:10|launcher:4|barrier:6|catapult:1"
"7","6","patio","no_tuna","launcher|sunflower|barrier|ice|bomb|catapult","234.82","win","1850","1850","2000","29","14","0","28","2","19050","50.5","-0.12","0","1","12","114.5","sunflower:11|launcher:8|barrier:8|catapult:2"
"7","6","patio","strategic_tuna","launcher|sunflower|barrier|ice|bomb|catapult","234.82","win","1850","1850","2000","29","14","0","28","2","19050","50.5","-0.12","0","1","12","114.5","sunflower:11|launcher:8|barrier:8|catapult:2"
"7","6","patio","late","launcher|sunflower|barrier|ice|bomb|catapult","190.27","loss","1075","1075","1225","21","13","0","19","4","5300","72.0","-0.15","0","0","13","97.0","sunflower:15|launcher:2|catapult:1|barrier:3"
"7","6","patio","world","sunflower|launcher|catapult|barrier|ice|bomb","234.82","win","1850","1850","2000","29","14","0","28","2","19050","50.5","-0.12","0","1","12","114.5","sunflower:11|launcher:8|barrier:8|catapult:2"
"8","7","patio","reference","launcher|sunflower|barrier|ice|bomb|catapult","202.45","win","2675","2675","2750","33","12","75","30","3","10900","60.0","-0.12","3","1","12","119.5","sunflower:12|launcher:8|barrier:6|ice:3|catapult:3|bomb:1"
"8","7","patio","initial","launcher|sunflower|barrier|ice|mine|bomb","244.43","win","1925","1900","2025","40","8","25","30","3","10100","43.5","-0.13","0","1","10","161.5","sunflower:10|launcher:6|mine:16|barrier:7|ice:1"
"8","7","patio","defensive","sunflower|launcher|barrier|mine|ice|catapult","210.4","win","2750","2750","2850","45","12","50","30","2","12550","52.0","-0.08","3","1","10","180.5","sunflower:11|launcher:7|mine:14|barrier:7|ice:3|catapult:3"
"8","7","patio","offensive","sunflower|launcher|catapult|ice","187.3","win","2650","2625","2625","23","4","150","30","0","1500","0.0","2.76","3","2","9","78.0","launcher:5|sunflower:5|ice:5|catapult:8"
"8","7","patio","moderate","launcher|sunflower|barrier|ice|bomb|catapult","210.5","win","2675","2675","2700","34","12","125","30","4","11700","56.5","-0.13","3","1","12","97.0","sunflower:14|launcher:7|barrier:6|catapult:4|ice:2|bomb:1"
"8","7","patio","no_tuna","launcher|sunflower|barrier|ice|bomb|catapult","291.25","loss","2275","2250","2400","35","20","0","29","3","20950","89.5","-0.15","0","0","12","119.5","sunflower:14|launcher:10|barrier:9|catapult:2"
"8","7","patio","strategic_tuna","launcher|sunflower|barrier|ice|bomb|catapult","205.3","win","1625","1625","1675","22","6","100","30","2","8750","28.0","-0.12","3","1","12","119.5","sunflower:8|launcher:7|barrier:4|catapult:3"
"8","7","patio","late","launcher|sunflower|barrier|ice|bomb|catapult","185.53","win","2200","2200","2250","25","6","100","30","4","1600","38.5","-0.12","3","1","12","97.0","sunflower:11|launcher:5|catapult:5|barrier:1|ice:3"
"8","7","patio","world","sunflower|launcher|catapult|barrier|ice|bomb","202.45","win","2675","2675","2750","33","12","75","30","3","10900","60.0","-0.12","3","1","12","119.5","sunflower:12|launcher:8|barrier:6|ice:3|catapult:3|bomb:1"
"9","8","patio","reference","launcher|sunflower|barrier|ice|bomb|catapult","212.5","win","3225","3225","2700","28","4","675","42","1","4700","22.0","-0.08","4","1","10","108.0","sunflower:7|launcher:6|barrier:5|ice:5|catapult:5"
"9","8","patio","initial","launcher|sunflower|barrier|ice|mine|bomb","310.98","loss","2350","2350","2500","52","17","0","41","3","16400","96.0","-0.15","0","0","16","228.5","sunflower:18|launcher:6|mine:20|barrier:7|bomb:1"
"9","8","patio","defensive","sunflower|launcher|barrier|mine|ice|catapult","216.52","win","3175","3175","3100","43","4","225","42","1","10400","25.5","-0.12","4","1","10","118.0","sunflower:7|launcher:6|mine:14|barrier:6|ice:5|catapult:5"
"9","8","patio","offensive","sunflower|launcher|catapult|ice","212.5","win","3225","3225","2925","26","6","450","42","0","2200","6.5","1.5","4","2","10","136.0","launcher:8|sunflower:5|ice:5|catapult:8"
"9","8","patio","moderate","launcher|sunflower|barrier|ice|bomb|catapult","212.5","win","3150","3150","2800","30","6","500","42","4","2750","27.5","-0.08","4","1","13","96.5","sunflower:10|launcher:6|barrier:4|catapult:5|ice:5"
"9","8","patio","no_tuna","launcher|sunflower|barrier|ice|bomb|catapult","275.63","win","2200","2200","2300","35","21","50","42","5","30400","69.0","-0.14","0","1","18","226.0","sunflower:13|launcher:8|barrier:12|catapult:2"
"9","8","patio","strategic_tuna","launcher|sunflower|barrier|ice|bomb|catapult","245.1","win","1950","1950","2075","28","10","25","42","2","21950","28.5","-0.08","4","1","14","102.5","sunflower:9|launcher:6|barrier:8|catapult:5"
"9","8","patio","late","launcher|sunflower|barrier|ice|bomb|catapult","220.53","win","2925","2925","2825","30","6","250","42","4","4500","27.5","-0.08","4","1","13","97.0","sunflower:10|launcher:5|catapult:6|barrier:4|ice:5"
"9","8","patio","world","sunflower|launcher|catapult|barrier|ice|bomb","212.5","win","3225","3225","2700","28","4","675","42","1","4700","22.0","-0.08","4","1","10","108.0","sunflower:7|launcher:6|barrier:5|ice:5|catapult:5"
"10","9","patio","reference","launcher|sunflower|barrier|ice|bomb|catapult","252.98","win","3850","3850","3550","45","22","450","44","3","18700","113.5","-0.14","5","1","12","109.0","sunflower:20|launcher:8|barrier:8|ice:4|catapult:4|bomb:1"
"10","9","patio","initial","launcher|sunflower|barrier|ice|mine|bomb","298.53","win","2350","2350","2500","46","8","0","44","3","12550","40.0","-0.08","0","1","12","126.5","sunflower:9|launcher:7|mine:20|barrier:7|ice:2|bomb:1"
"10","9","patio","defensive","sunflower|launcher|barrier|mine|ice|catapult","271.7","win","3975","3975","3975","58","15","150","44","4","15400","63.0","-0.09","5","1","13","162.0","sunflower:14|launcher:8|mine:18|barrier:7|ice:6|catapult:5"
"10","9","patio","offensive","sunflower|launcher|catapult|ice","248.72","win","3850","3850","3850","42","22","150","44","4","5650","93.5","-0.14","5","1","13","138.0","launcher:15|sunflower:17|ice:5|catapult:5"
"10","9","patio","moderate","launcher|sunflower|barrier|ice|bomb|catapult","238.5","loss","2875","2875","3000","39","23","25","34","4","15250","102.5","-0.15","3","0","15","97.0","sunflower:17|launcher:10|barrier:6|catapult:4|ice:2"
"10","9","patio","no_tuna","launcher|sunflower|barrier|ice|bomb|catapult","250.97","loss","1900","1900","2050","34","25","0","31","5","22300","124.5","-0.15","0","0","16","250.5","sunflower:19|launcher:7|barrier:8"
"10","9","patio","strategic_tuna","launcher|sunflower|barrier|ice|bomb|catapult","259.62","win","2075","2075","2200","29","10","25","44","2","13950","42.0","-0.12","5","1","14","109.0","sunflower:10|launcher:6|barrier:7|catapult:6"
"10","9","patio","late","launcher|sunflower|barrier|ice|bomb|catapult","196.27","loss","2325","2325","2425","31","16","50","23","4","7650","77.5","-0.15","3","0","13","97.0","sunflower:14|launcher:7|catapult:2|barrier:5|ice:3"
"10","9","patio","world","sunflower|launcher|catapult|barrier|ice|bomb","252.98","win","3850","3850","3550","45","22","450","44","3","18700","113.5","-0.14","5","1","12","109.0","sunflower:20|launcher:8|barrier:8|ice:4|catapult:4|bomb:1"
"11","50","cemetery","reference","launcher|sunflower|barrier|ice|bomb|catapult","173.2","win","2450","2450","2500","29","7","100","29","2","9750","39.0","-0.12","3","1","13","111.0","sunflower:9|launcher:7|barrier:6|ice:3|catapult:3|bomb:1"
"11","50","cemetery","initial","launcher|sunflower|barrier|ice|mine|bomb","208.67","win","1600","1575","1725","33","10","0","29","3","12800","45.0","-0.12","0","1","12","159.5","sunflower:8|launcher:8|mine:13|barrier:4"
"11","50","cemetery","defensive","sunflower|launcher|barrier|mine|ice|catapult","197.77","win","2275","2275","2425","41","15","0","29","3","19100","43.5","-0.14","2","1","17","160.0","sunflower:10|launcher:8|mine:12|barrier:8|ice:1|catapult:2"
"11","50","cemetery","offensive","sunflower|launcher|catapult|boomerang|ice","206.17","win","2675","2675","2800","32","20","25","29","5","5500","81.0","-0.14","3","1","20","138.0","launcher:12|sunflower:14|ice:2|catapult:3|boomerang:1"
"11","50","cemetery","moderate","launcher|sunflower|barrier|ice|bomb|catapult","208.48","win","2700","2700","2700","34","15","150","29","4","13050","67.0","-0.14","3","1","15","97.0","sunflower:14|launcher:8|barrier:6|catapult:3|ice:3"
"11","50","cemetery","no_tuna","launcher|sunflower|barrier|ice|bomb|catapult","190.92","win","1450","1450","1600","25","12","0","29","3","15950","62.0","-0.12","0","1","13","154.0","sunflower:11|launcher:7|barrier:7"
"11","50","cemetery","strategic_tuna","launcher|sunflower|barrier|ice|bomb|catapult","176.0","win","1325","1325","1375","20","7","100","29","2","9100","39.0","-0.12","2","1","12","111.0","sunflower:9|launcher:6|barrier:4|catapult:1"
"11","50","cemetery","late","launcher|sunflower|barrier|ice|bomb|catapult","190.63","loss","2250","2250","2375","30","17","25","23","4","8100","75.0","-0.15","3","0","16","97.0","sunflower:13|launcher:6|catapult:3|barrier:5|ice:2|bomb:1"
"11","50","cemetery","world","sunflower|launcher|boomerang|barrier|ice|catapult","168.05","win","2425","2425","2525","29","7","50","29","2","9200","39.0","-0.12","3","1","13","111.0","sunflower:9|launcher:7|barrier:6|ice:3|catapult:3|boomerang:1"
"12","51","cemetery","reference","launcher|sunflower|barrier|ice|bomb|catapult","244.27","win","2975","2975","3100","42","24","25","31","4","18000","131.5","-0.12","3","1","19","147.5","sunflower:22|launcher:8|barrier:6|ice:3|catapult:3"
"12","51","cemetery","initial","launcher|sunflower|barrier|ice|mine|bomb","205.28","win","1550","1550","1675","35","13","25","31","4","15900","51.0","-0.14","0","1","18","168.5","sunflower:10|launcher:5|mine:13|barrier:7"
"12","51","cemetery","defensive","sunflower|launcher|barrier|mine|ice|catapult","170.4","win","2425","2425","2475","35","1","100","31","0","5350","0.0","4.15","3","3","12","115.5","sunflower:5|launcher:5|mine:11|barrier:6|ice:3|catapult:5"
"12","51","cemetery","offensive","sunflower|launcher|catapult|boomerang|ice","280.98","loss","3225","3225","3375","46","34","0","30","5","9050","168.0","-0.15","3","0","15","137.5","launcher:8|sunflower:31|catapult:4|ice:2|boomerang:1"
"12","51","cemetery","moderate","launcher|sunflower|barrier|ice|bomb|catapult","178.82","win","2400","2400","2325","29","9","225","31","4","3850","44.5","-0.12","3","1","12","97.0","sunflower:11|launcher:8|barrier:5|catapult:3|ice:2"
"12","51","cemetery","no_tuna","launcher|sunflower|barrier|ice|bomb|catapult","214.53","loss","1600","1600","1750","30","25","0","24","4","21250","108.5","-0.15","0","0","19","194.0","sunflower:17|launcher:5|barrier:8"
"12","51","cemetery","strategic_tuna","launcher|sunflower|barrier|ice|bomb|catapult","188.15","win","1500","1500","1600","23","6","50","31","2","13300","23.0","-0.08","3","1","13","107.5","sunflower:8|launcher:6|barrier:7|catapult:2"
"12","51","cemetery","late","launcher|sunflower|barrier|ice|bomb|catapult","174.93","win","2100","2100","2125","25","6","125","31","4","1650","38.5","-0.12","3","1","12","97.0","sunflower:11|launcher:5|catapult:5|barrier:2|ice:2"
"12","51","cemetery","world","sunflower|launcher|boomerang|barrier|ice|catapult","244.27","win","2975","2975","3100","42","24","25","31","4","17400","131.5","-0.12","3","1","19","147.5","sunflower:22|launcher:8|barrier:6|ice:2|catapult:3|boomerang:1"
"13","52","cemetery","reference","launcher|sunflower|barrier|ice|bomb|catapult","187.7","win","2975","2975","2725","29","5","400","33","2","8750","22.5","-0.08","4","1","13","108.0","sunflower:8|launcher:6|barrier:5|ice:4|catapult:5|bomb:1"
"13","52","cemetery","initial","launcher|sunflower|barrier|ice|mine|bomb","224.15","loss","1675","1650","1800","37","17","0","26","2","13100","62.0","-0.15","0","0","13","224.15","sunflower:12|launcher:6|mine:14|barrier:5"
"13","52","cemetery","defensive","sunflower|launcher|barrier|mine|ice|catapult","197.13","win","2975","2975","2975","44","8","150","33","2","7700","45.0","-0.08","4","1","13","103.5","sunflower:11|launcher:6|mine:13|barrier:6|ice:4|catapult:4"
"13","52","cemetery","offensive","sunflower|launcher|catapult|boomerang|ice","270.0","win","3525","3525","3650","48","30","25","33","4","8100","165.5","-0.12","4","1","14","137.5","launcher:9|sunflower:31|catapult:4|ice:4"
"13","52","cemetery","moderate","launcher|sunflower|barrier|ice|bomb|catapult","180.1","win","2900","2875","2450","28","6","575","33","4","3700","27.5","-0.08","4","1","13","97.0","sunflower:10|launcher:6|barrier:4|catapult:5|ice:3"
"13","52","cemetery","no_tuna","launcher|sunflower|barrier|ice|bomb|catapult","226.15","loss","1675","1675","1800","30","22","25","30","5","18850","93.5","-0.15","0","0","19","166.5","sunflower:17|launcher:6|barrier:7"
"13","52","cemetery","strategic_tuna","launcher|sunflower|barrier|ice|bomb|catapult","292.02","win","2250","2250","2325","36","20","75","33","5","31950","95.5","-0.09","4","1","19","166.5","sunflower:18|launcher:9|barrier:8|catapult:1"
"13","52","cemetery","late","launcher|sunflower|barrier|ice|bomb|catapult","192.92","win","2675","2675","2475","28","6","350","33","4","3950","27.5","-0.08","4","1","13","97.0","sunflower:10|launcher:5|catapult:6|barrier:4|ice:3"
"13","52","cemetery","world","sunflower|launcher|boomerang|barrier|ice|catapult","180.8","win","2575","2575","2625","28","6","100","33","2","7800","22.5","-0.08","3","1","12","108.0","sunflower:8|launcher:6|barrier:5|ice:3|boomerang:2|catapult:4"
"14","53","cemetery","reference","launcher|sunflower|barrier|ice|bomb|catapult","191.02","win","3000","3000","2750","29","5","400","35","2","7050","23.0","-0.08","4","1","12","108.0","sunflower:9|launcher:6|barrier:4|ice:5|catapult:5"
"14","53","cemetery","initial","launcher|sunflower|barrier|ice|mine|bomb","221.15","loss","1550","1550","1700","37","17","0","28","4","10650","91.5","-0.15","0","0","14","145.5","sunflower:16|launcher:4|mine:14|barrier:3"
"14","53","cemetery","defensive","sunflower|launcher|barrier|mine|ice|catapult","192.6","win","3000","3000","2925","40","2","225","35","0","9150","0.0","4.15","4","3","13","121.0","sunflower:5|launcher:5|mine:13|barrier:7|ice:5|catapult:5"
"14","53","cemetery","offensive","sunflower|launcher|catapult|boomerang|ice","194.82","win","3025","3025","3175","32","14","0","35","3","3950","41.5","-0.12","4","1","13","138.0","launcher:10|sunflower:11|ice:4|catapult:6|boomerang:1"
"14","53","cemetery","moderate","launcher|sunflower|barrier|ice|bomb|catapult","203.0","loss","2225","2225","2375","33","18","0","25","4","14900","96.5","-0.15","2","0","14","97.0","sunflower:16|launcher:8|barrier:6|catapult:1|ice:2"
"14","53","cemetery","no_tuna","launcher|sunflower|barrier|ice|bomb|catapult","222.02","loss","1675","1675","1800","32","27","25","28","4","20100","127.5","-0.15","0","0","20","195.0","sunflower:22|launcher:4|barrier:6"
"14","53","cemetery","strategic_tuna","launcher|sunflower|barrier|ice|bomb|catapult","210.8","win","1650","1650","1800","24","8","0","35","2","15250","29.0","-0.08","3","1","16","101.0","sunflower:9|launcher:6|barrier:5|catapult:4"
"14","53","cemetery","late","launcher|sunflower|barrier|ice|bomb|catapult","197.0","loss","1950","1950","2075","29","16","25","22","4","10400","78.0","-0.15","2","0","16","196.5","sunflower:15|launcher:6|catapult:1|barrier:5|ice:2"
"14","53","cemetery","world","sunflower|launcher|boomerang|barrier|ice|catapult","191.18","win","3000","3000","2750","28","4","400","35","2","6400","22.5","-0.08","4","1","12","92.5","sunflower:8|launcher:6|barrier:4|ice:5|boomerang:1|catapult:4"
"15","54","cemetery","reference","launcher|sunflower|barrier|ice|bomb|catapult","207.97","win","3125","3125","3125","34","9","150","37","2","14850","31.0","-0.12","4","1","14","119.5","sunflower:9|launcher:7|barrier:7|ice:5|catapult:6"
"15","54","cemetery","initial","launcher|sunflower|barrier|ice|mine|bomb","225.67","win","1775","1775","1875","37","10","50","37","1","14400","43.5","-0.12","0","1","13","137.0","sunflower:10|launcher:5|mine:13|barrier:8|bomb:1"
"15","54","cemetery","defensive","sunflower|launcher|barrier|mine|ice|catapult","191.82","win","3000","3000","2900","39","2","250","37","0","9400","0.0","2.15","4","3","10","129.5","sunflower:5|launcher:5|mine:12|barrier:7|ice:5|catapult:5"
"15","54","cemetery","offensive","sunflower|launcher|catapult|boomerang|ice","236.6","win","3350","3350","3475","38","24","25","37","4","6250","92.5","-0.14","4","1","17","182.5","launcher:11|sunflower:16|ice:3|catapult:7|boomerang:1"
"15","54","cemetery","moderate","launcher|sunflower|barrier|ice|bomb|catapult","240.97","win","2925","2925","2950","37","14","125","37","4","13250","56.5","-0.13","3","1","14","97.0","sunflower:14|launcher:7|barrier:8|catapult:5|ice:3"
"15","54","cemetery","no_tuna","launcher|sunflower|barrier|ice|bomb|catapult","250.98","loss","1950","1950","2100","32","20","0","34","3","25050","60.0","-0.15","0","0","15","119.5","sunflower:12|launcher:10|barrier:10"
"15","54","cemetery","strategic_tuna","launcher|sunflower|barrier|ice|bomb|catapult","222.6","win","1725","1725","1800","26","11","75","37","2","23200","28.0","-0.12","4","1","15","119.5","sunflower:8|launcher:7|barrier:9|catapult:2"
"15","54","cemetery","late","launcher|sunflower|barrier|ice|bomb|catapult","188.18","win","2625","2625","2475","27","6","300","37","4","1750","38.5","-0.12","4","1","12","97.0","sunflower:11|launcher:5|catapult:5|barrier:2|ice:4"
"15","54","cemetery","world","sunflower|launcher|boomerang|barrier|ice|catapult","205.38","win","3100","3100","3050","33","9","200","37","2","14750","31.0","-0.12","4","1","14","119.5","sunflower:9|launcher:7|barrier:7|ice:4|catapult:4|boomerang:2"
"16","55","cemetery","reference","launcher|sunflower|barrier|ice|bomb|catapult","201.07","win","3100","3100","2850","29","4","400","39","2","5600","22.5","-0.08","4","1","11","108.0","sunflower:8|launcher:6|barrier:4|ice:5|catapult:5|bomb:1"
"16","55","cemetery","initial","launcher|sunflower|barrier|ice|mine|bomb","249.15","loss","1900","1900","2050","43","14","0","36","3","15400","78.0","-0.15","0","0","13","215.0","sunflower:14|launcher:6|mine:16|barrier:7"
"16","55","cemetery","defensive","sunflower|launcher|barrier|mine|ice|catapult","213.2","win","3175","3175","3325","48","11","0","39","2","12850","53.0","-0.09","4","1","11","125.5","sunflower:12|launcher:7|mine:14|barrier:6|ice:5|catapult:4"
"16","55","cemetery","offensive","sunflower|launcher|catapult|boomerang|ice","216.0","win","3150","3150","3150","36","19","150","39","4","5200","105.5","-0.12","4","1","14","125.5","launcher:12|sunflower:16|catapult:5|ice:3"
"16","55","cemetery","moderate","launcher|sunflower|barrier|ice|bomb|catapult","199.25","win","3025","3025","2800","30","6","375","39","4","3450","27.5","-0.08","4","1","13","97.0","sunflower:10|launcher:6|barrier:4|catapult:5|ice:5"
"16","55","cemetery","no_tuna","launcher|sunflower|barrier|ice|bomb|catapult","234.58","loss","1825","1825","1950","33","22","25","30","3","22350","102.0","-0.15","0","0","19","231.0","sunflower:18|launcher:6|barrier:9"
"16","55","cemetery","strategic_tuna","launcher|sunflower|barrier|ice|bomb|catapult","213.9","win","1700","1700","1825","23","6","25","39","2","9400","22.5","-0.08","4","1","13","108.0","sunflower:8|launcher:6|barrier:4|catapult:5"
"16","55","cemetery","late","launcher|sunflower|barrier|ice|bomb|catapult","225.85","win","2975","2975","2825","30","6","300","39","4","6250","27.5","-0.08","4","1","14","97.0","sunflower:10|launcher:5|catapult:6|barrier:4|ice:5"
"16","55","cemetery","world","sunflower|launcher|boomerang|barrier|ice|catapult","237.0","win","3300","3300","3450","44","21","0","39","3","7700","129.5","-0.08","4","1","12","108.0","sunflower:23|launcher:8|barrier:5|ice:3|boomerang:2|catapult:3"
"17","56","cemetery","reference","launcher|sunflower|barrier|ice|bomb|catapult","214.73","win","2800","2800","2900","32","7","50","41","2","13500","50.5","-0.12","3","1","12","114.5","sunflower:11|launcher:6|barrier:5|ice:5|catapult:5"
"17","56","cemetery","initial","launcher|sunflower|barrier|ice|mine|bomb","267.88","win","2100","2100","2225","45","16","25","41","3","24400","60.5","-0.12","0","1","14","170.5","sunflower:12|launcher:8|mine:17|barrier:8"
"17","56","cemetery","defensive","sunflower|launcher|barrier|mine|ice|catapult","210.4","win","3125","3125","2900","40","1","375","41","0","8350","0.0","2.62","4","3","10","115.5","sunflower:5|launcher:5|mine:14|barrier:6|ice:5|catapult:5"
"17","56","cemetery","offensive","sunflower|launcher|catapult|boomerang|ice","212.77","win","3175","3175","3275","36","19","50","41","4","5000","57.0","-0.14","4","1","14","142.0","launcher:12|sunflower:15|catapult:5|ice:3|boomerang:1"
"17","56","cemetery","moderate","launcher|sunflower|barrier|ice|bomb|catapult","230.73","win","3200","3200","3150","36","12","200","41","4","13200","59.0","-0.12","4","1","14","97.0","sunflower:12|launcher:7|barrier:7|catapult:5|ice:5"
"17","56","cemetery","no_tuna","launcher|sunflower|barrier|ice|bomb|catapult","246.05","loss","1925","1925","2075","33","23","0","30","3","21800","93.5","-0.15","0","0","18","246.05","sunflower:16|launcher:7|barrier:9|catapult:1"
"17","56","cemetery","strategic_tuna","launcher|sunflower|barrier|ice|bomb|catapult","243.32","win","1950","1925","2025","30","12","50","41","2","17200","50.5","-0.12","4","1","14","114.5","sunflower:11|launcher:6|barrier:10|catapult:3"
"17","56","cemetery","late","launcher|sunflower|barrier|ice|bomb|catapult","199.15","loss","2350","2325","2450","32","17","25","23","4","8800","80.5","-0.15","3","0","14","97.0","sunflower:15|launcher:8|catapult:1|barrier:5|ice:3"
"17","56","cemetery","world","sunflower|launcher|boomerang|barrier|ice|catapult","210.18","win","3150","3150","3000","33","8","300","41","2","13300","50.5","-0.12","4","1","12","114.5","sunflower:11|launcher:6|barrier:6|ice:5|catapult:4|boomerang:1"
"18","57","cemetery","reference","launcher|sunflower|barrier|ice|bomb|catapult","244.78","win","3800","3800","3550","40","15","400","43","3","13650","60.0","-0.12","5","1","13","119.5","sunflower:12|launcher:11|barrier:7|ice:5|catapult:5"
"18","57","cemetery","initial","launcher|sunflower|barrier|ice|mine|bomb","221.48","loss","1600","1600","1750","39","17","0","25","4","11250","92.0","-0.15","0","0","18","221.48","sunflower:17|launcher:3|mine:14|barrier:5"
"18","57","cemetery","defensive","sunflower|launcher|barrier|mine|ice|catapult","218.0","win","3125","3125","3200","45","6","75","43","2","6550","39.0","-0.08","4","1","10","103.5","sunflower:10|launcher:6|mine:14|barrier:5|ice:5|catapult:5"
"18","57","cemetery","offensive","sunflower|launcher|catapult|boomerang|ice","225.78","win","3625","3625","3700","36","16","75","43","2","4450","59.5","-0.14","5","1","11","97.0","launcher:10|sunflower:12|ice:5|catapult:7|boomerang:2"
"18","57","cemetery","moderate","launcher|sunflower|barrier|ice|bomb|catapult","230.47","win","3625","3600","3175","37","12","575","43","4","12000","56.5","-0.13","5","1","12","97.0","sunflower:14|launcher:7|barrier:6|catapult:5|ice:4|bomb:1"
"18","57","cemetery","no_tuna","launcher|sunflower|barrier|ice|bomb|catapult","255.93","loss","1925","1925","2050","34","30","25","27","3","30000","106.5","-0.15","0","0","17","255.93","sunflower:18|launcher:7|barrier:9"
"18","57","cemetery","strategic_tuna","launcher|sunflower|barrier|ice|bomb|catapult","233.85","win","1850","1850","1975","25","7","25","43","2","10450","28.0","-0.12","3","1","13","119.5","sunflower:8|launcher:7|barrier:5|catapult:5"
"18","57","cemetery","late","launcher|sunflower|barrier|ice|bomb|catapult","218.0","win","2825","2825","2600","27","6","375","43","4","1700","38.5","-0.12","4","1","12","97.0","sunflower:11|launcher:5|catapult:5|barrier:1|ice:5"
"18","57","cemetery","world","sunflower|launcher|boomerang|barrier|ice|catapult","286.0","win","4050","4050","4175","52","28","25","43","4","17000","155.0","-0.12","5","1","13","119.5","sunflower:24|launcher:12|barrier:7|ice:5|catapult:3|boomerang:1"
"19","58","cemetery","reference","launcher|sunflower|barrier|ice|bomb|catapult","229.0","win","3325","3325","2700","28","4","775","45","1","4800","22.0","-0.08","4","1","10","108.0","sunflower:7|launcher:6|barrier:5|ice:5|catapult:5"
"19","58","cemetery","initial","launcher|sunflower|barrier|ice|mine|bomb","297.63","win","2350","2350","2475","51","18","25","45","2","32100","45.5","-0.14","0","1","18","230.0","sunflower:12|launcher:8|mine:19|barrier:12"
"19","58","cemetery","defensive","sunflower|launcher|barrier|mine|ice|catapult","229.0","win","3325","3325","3025","43","3","450","45","0","16250","0.0","4.27","4","3","11","146.5","sunflower:5|launcher:5|mine:15|barrier:8|ice:5|catapult:5"
"19","58","cemetery","offensive","sunflower|launcher|catapult|boomerang|ice","229.0","win","3300","3300","3025","30","10","425","45","3","2850","50.0","-0.08","4","1","10","141.5","launcher:9|sunflower:10|ice:4|catapult:6|boomerang:1"
"19","58","cemetery","moderate","launcher|sunflower|barrier|ice|bomb|catapult","229.0","win","3300","3300","2850","31","6","600","45","4","3000","27.5","-0.08","4","1","13","96.5","sunflower:10|launcher:6|barrier:5|catapult:5|ice:5"
"19","58","cemetery","no_tuna","launcher|sunflower|barrier|ice|bomb|catapult","276.15","loss","2200","2200","2350","35","25","0","38","4","34350","64.5","-0.15","0","0","20","273.5","sunflower:12|launcher:9|barrier:12|catapult:2"
"19","58","cemetery","strategic_tuna","launcher|sunflower|barrier|ice|bomb|catapult","269.0","win","2150","2150","2300","30","12","0","45","2","25000","28.5","-0.08","4","1","16","102.5","sunflower:9|launcher:6|barrier:9|catapult:5|ice:1"
"19","58","cemetery","late","launcher|sunflower|barrier|ice|bomb|catapult","393.77","loss","4550","4550","4675","64","40","25","44","4","14900","233.5","-0.15","5","0","13","97.0","sunflower:42|launcher:6|catapult:6|barrier:4|ice:5|bomb:1"
"19","58","cemetery","world","sunflower|launcher|boomerang|barrier|ice|catapult","229.0","win","3325","3325","2700","28","4","775","45","1","4800","22.0","-0.08","4","1","10","108.0","sunflower:7|launcher:6|barrier:5|ice:5|catapult:5"
"20","59","cemetery","reference","launcher|sunflower|barrier|ice|bomb|catapult","269.92","win","3625","3625","3550","43","18","225","47","3","18850","89.5","-0.14","4","1","13","109.0","sunflower:16|launcher:8|barrier:9|ice:5|catapult:5"
"20","59","cemetery","initial","launcher|sunflower|barrier|ice|mine|bomb","267.37","loss","2050","2025","2175","47","20","0","35","4","25500","119.5","-0.15","0","0","16","267.37","sunflower:16|launcher:5|mine:17|barrier:9"
"20","59","cemetery","defensive","sunflower|launcher|barrier|mine|ice|catapult","254.33","win","3525","3525","2975","43","1","700","47","0","6900","0.0","2.77","4","3","10","74.5","sunflower:5|launcher:5|mine:17|barrier:6|ice:5|catapult:5"
"20","59","cemetery","offensive","sunflower|launcher|catapult|boomerang|ice","262.4","win","3600","3600","3750","39","20","0","47","4","5100","71.0","-0.14","4","1","14","174.0","launcher:16|sunflower:13|ice:4|catapult:5|boomerang:1"
"20","59","cemetery","moderate","launcher|sunflower|barrier|ice|bomb|catapult","238.5","loss","2875","2875","3000","39","23","25","34","4","15100","102.5","-0.15","3","0","16","97.0","sunflower:17|launcher:10|barrier:6|catapult:4|ice:2"
"20","59","cemetery","no_tuna","launcher|sunflower|barrier|ice|bomb|catapult","292.15","loss","2275","2275","2400","39","28","25","39","5","30600","118.5","-0.15","0","0","17","176.5","sunflower:20|launcher:9|barrier:10"
"20","59","cemetery","strategic_tuna","launcher|sunflower|barrier|ice|bomb|catapult","320.97","win","2550","2550","2675","39","24","25","47","3","28850","91.5","-0.12","5","1","17","252.0","sunflower:15|launcher:10|barrier:11|catapult:3"
"20","59","cemetery","late","launcher|sunflower|barrier|ice|bomb|catapult","199.15","loss","2350","2325","2450","32","17","25","23","4","8800","80.5","-0.15","3","0","13","97.0","sunflower:15|launcher:8|catapult:1|barrier:5|ice:3"
"20","59","cemetery","world","sunflower|launcher|boomerang|barrier|ice|catapult","271.15","win","3625","3625","3600","43","18","175","47","3","18850","89.5","-0.14","4","1","12","109.0","sunflower:16|launcher:8|barrier:9|ice:5|catapult:4|boomerang:1"
"21","10","egypt","reference","launcher|sunflower|barrier|ice|bomb|catapult","159.33","win","2375","2375","2500","27","4","25","29","2","2750","22.5","-0.08","3","1","11","108.0","sunflower:8|launcher:6|barrier:4|ice:3|catapult:5|bomb:1"
"21","10","egypt","initial","launcher|sunflower|barrier|ice|mine|bomb","189.3","win","1450","1450","1600","32","6","0","29","2","7700","28.5","-0.08","0","1","14","130.0","sunflower:9|launcher:6|mine:12|barrier:5"
"21","10","egypt","defensive","sunflower|launcher|barrier|mine|ice|catapult","190.08","win","2200","2200","2350","40","11","0","29","2","10450","64.5","-0.08","2","1","16","146.5","sunflower:13|launcher:5|mine:12|barrier:6|ice:2|catapult:2"
"21","10","egypt","offensive","sunflower|launcher|catapult|boomerang|ice","164.05","win","2450","2450","2500","24","6","100","29","1","1650","29.0","-0.08","3","1","13","125.5","launcher:6|sunflower:8|catapult:5|ice:3|boomerang:2"
"21","10","egypt","moderate","launcher|sunflower|barrier|ice|bomb|catapult","160.65","win","2325","2325","2275","26","6","200","29","4","2850","27.5","-0.08","3","1","12","97.0","sunflower:10|launcher:6|barrier:3|catapult:4|ice:3"
"21","10","egypt","no_tuna","launcher|sunflower|barrier|ice|bomb|catapult","176.7","win","1375","1375","1450","20","4","75","29","2","6250","22.5","-0.08","0","1","12","108.0","sunflower:8|launcher:6|barrier:4|catapult:2"
"21","10","egypt","strategic_tuna","launcher|sunflower|barrier|ice|bomb|catapult","176.7","win","1375","1375","1450","20","4","75","29","2","6250","22.5","-0.08","2","1","12","108.0","sunflower:8|launcher:6|barrier:4|catapult:2"
"21","10","egypt","late","launcher|sunflower|barrier|ice|bomb|catapult","172.5","win","2150","2150","2250","25","5","50","29","4","3000","27.5","-0.08","3","1","12","97.0","sunflower:10|launcher:5|catapult:5|barrier:2|ice:3"
"21","10","egypt","world","sunflower|launcher|boomerang|barrier|ice|catapult","154.65","win","2350","2350","2450","26","4","50","29","2","2750","22.5","-0.08","3","1","11","108.0","sunflower:8|launcher:6|barrier:4|ice:3|boomerang:2|catapult:3"
"22","11","egypt","reference","launcher|sunflower|barrier|ice|bomb|catapult","177.88","win","2525","2500","2500","29","6","150","31","2","7450","44.5","-0.12","3","1","12","114.5","sunflower:10|launcher:6|barrier:5|ice:3|catapult:5"
"22","11","egypt","initial","launcher|sunflower|barrier|ice|mine|bomb","212.45","win","1675","1650","1775","34","5","25","31","2","9950","27.0","-0.14","0","1","12","124.5","sunflower:8|launcher:6|mine:14|barrier:5|ice:1"
"22","11","egypt","defensive","sunflower|launcher|barrier|mine|ice|catapult","187.1","win","2550","2525","2625","41","10","50","31","3","11150","45.0","-0.12","3","1","15","128.5","sunflower:11|launcher:7|mine:12|barrier:6|ice:3|catapult:2"
"22","11","egypt","offensive","sunflower|launcher|catapult|boomerang|ice","226.12","win","2875","2875","3000","35","21","25","31","3","5750","80.0","-0.14","3","1","15","175.5","launcher:10|sunflower:17|catapult:5|ice:2|boomerang:1"
"22","11","egypt","moderate","launcher|sunflower|barrier|ice|bomb|catapult","202.05","win","2600","2575","2575","32","10","150","31","4","7900","59.0","-0.12","3","1","12","97.0","sunflower:12|launcher:7|barrier:6|catapult:5|ice:2"
"22","11","egypt","no_tuna","launcher|sunflower|barrier|ice|bomb|catapult","194.85","win","1525","1525","1650","24","8","25","31","2","13600","44.5","-0.12","0","1","12","114.5","sunflower:10|launcher:6|barrier:6|catapult:2"
"22","11","egypt","strategic_tuna","launcher|sunflower|barrier|ice|bomb|catapult","190.1","win","1500","1500","1600","23","7","50","31","2","11850","44.5","-0.12","3","1","12","114.5","sunflower:10|launcher:6|barrier:5|catapult:2"
"22","11","egypt","late","launcher|sunflower|barrier|ice|bomb|catapult","268.27","loss","2875","2875","2975","42","24","50","30","4","10900","143.5","-0.15","3","0","13","97.0","sunflower:25|launcher:7|catapult:2|barrier:5|ice:3"
"22","11","egypt","world","sunflower|launcher|boomerang|barrier|ice|catapult","171.98","win","2475","2475","2600","29","6","25","31","2","6800","44.5","-0.12","3","1","12","114.5","sunflower:10|launcher:6|barrier:5|ice:3|boomerang:2|catapult:3"
"23","12","egypt","reference","launcher|sunflower|barrier|ice|bomb|catapult","174.4","win","2850","2850","2750","32","10","250","33","3","6050","56.0","-0.12","4","1","11","112.0","sunflower:12|launcher:7|barrier:5|ice:4|catapult:4"
"23","12","egypt","initial","launcher|sunflower|barrier|ice|mine|bomb","182.48","win","1375","1375","1500","31","11","25","33","3","6550","60.0","-0.12","0","1","16","180.5","sunflower:11|launcher:5|mine:12|barrier:3"
"23","12","egypt","defensive","sunflower|launcher|barrier|mine|ice|catapult","210.1","win","3100","3100","3200","49","14","50","33","5","14550","49.5","-0.12","4","1","20","171.5","sunflower:13|launcher:9|mine:14|barrier:7|ice:4|catapult:2"
"23","12","egypt","offensive","sunflower|launcher|catapult|boomerang|ice","178.38","win","2875","2875","3025","31","12","0","33","3","3100","30.5","-0.12","4","1","13","142.0","launcher:11|sunflower:11|ice:3|catapult:4|boomerang:2"
"23","12","egypt","moderate","launcher|sunflower|barrier|ice|bomb|catapult","197.0","loss","2500","2500","2600","34","18","50","28","4","12500","111.5","-0.15","3","0","19","166.0","sunflower:16|launcher:8|barrier:5|catapult:2|ice:2|bomb:1"
"23","12","egypt","no_tuna","launcher|sunflower|barrier|ice|bomb|catapult","209.22","win","1600","1600","1725","26","10","25","33","3","7650","51.0","-0.12","0","1","11","112.0","sunflower:12|launcher:7|barrier:6|catapult:1"
"23","12","egypt","strategic_tuna","launcher|sunflower|barrier|ice|bomb|catapult","218.1","win","1675","1675","1825","28","12","0","33","3","11150","86.5","-0.12","3","1","13","179.5","sunflower:15|launcher:7|barrier:5|catapult:1"
"23","12","egypt","late","launcher|sunflower|barrier|ice|bomb|catapult","244.27","loss","3075","3075","3175","41","20","50","32","4","7500","121.0","-0.15","4","0","14","97.0","sunflower:21|launcher:7|catapult:4|barrier:5|ice:3|bomb:1"
"23","12","egypt","world","sunflower|launcher|boomerang|barrier|ice|catapult","173.83","win","2850","2850","2975","33","10","25","33","3","6050","56.0","-0.12","4","1","11","112.0","sunflower:12|launcher:7|barrier:5|ice:4|catapult:3|boomerang:2"
"24","13","egypt","reference","launcher|sunflower|barrier|ice|bomb|catapult","182.62","win","2550","2550","2675","28","8","25","35","1","7700","37.5","-0.12","3","1","10","133.5","sunflower:8|launcher:8|barrier:3|ice:4|catapult:5"
"24","13","egypt","initial","launcher|sunflower|barrier|ice|mine|bomb","220.3","win","1700","1700","1700","34","6","150","35","3","6100","28.0","-0.12","0","1","11","124.5","sunflower:9|launcher:7|mine:14|barrier:4"
"24","13","egypt","defensive","sunflower|launcher|barrier|mine|ice|catapult","189.68","win","2575","2575","2675","45","14","50","35","3","15250","72.5","-0.12","3","1","15","165.5","sunflower:14|launcher:6|mine:13|barrier:8|ice:3|catapult:1"
"24","13","egypt","offensive","sunflower|launcher|catapult|boomerang|ice","185.33","win","2600","2600","2650","26","8","100","35","1","2200","36.5","-0.12","3","1","10","145.0","launcher:8|sunflower:8|ice:3|catapult:6|boomerang:1"
"24","13","egypt","moderate","launcher|sunflower|barrier|ice|bomb|catapult","207.68","win","2600","2600","2625","32","12","125","35","4","11850","56.5","-0.12","3","1","14","97.0","sunflower:14|launcher:6|barrier:5|catapult:3|ice:4"
"24","13","egypt","no_tuna","launcher|sunflower|barrier|ice|bomb|catapult","266.7","win","2100","2100","2225","33","21","25","35","3","23700","68.0","-0.13","0","1","15","114.5","sunflower:14|launcher:7|barrier:9|catapult:3"
"24","13","egypt","strategic_tuna","launcher|sunflower|barrier|ice|bomb|catapult","210.9","win","1675","1675","1825","26","11","0","35","2","17450","39.0","-0.12","4","1","15","179.5","sunflower:10|launcher:6|barrier:7|catapult:3"
"24","13","egypt","late","launcher|sunflower|barrier|ice|bomb|catapult","197.5","loss","1900","1900","2050","27","10","0","27","4","7250","68.0","-0.15","2","0","16","97.0","sunflower:14|launcher:6|catapult:2|barrier:3|ice:2"
"24","13","egypt","world","sunflower|launcher|boomerang|barrier|ice|catapult","181.65","win","2550","2550","2600","27","8","100","35","1","7700","37.5","-0.12","3","1","10","133.5","sunflower:8|launcher:8|barrier:3|ice:3|catapult:3|boomerang:2"
"25","14","egypt","reference","launcher|sunflower|barrier|ice|bomb|catapult","227.58","win","2925","2925","3025","35","12","50","37","2","17300","31.0","-0.12","3","1","14","119.5","sunflower:9|launcher:9|barrier:8|ice:3|catapult:6"
"25","14","egypt","initial","launcher|sunflower|barrier|ice|mine|bomb","308.98","win","2400","2400","2525","51","20","25","37","3","17750","109.0","-0.12","0","1","11","136.5","sunflower:19|launcher:6|mine:18|barrier:7|ice:1"
"25","14","egypt","defensive","sunflower|launcher|barrier|mine|ice|catapult","224.48","win","3225","3200","3225","49","11","125","37","3","14350","47.0","-0.12","4","1","13","168.0","sunflower:11|launcher:7|mine:15|barrier:8|ice:4|catapult:4"
"25","14","egypt","offensive","sunflower|launcher|catapult|boomerang|ice","245.75","loss","3400","3400","3550","39","25","0","36","3","6650","97.5","-0.15","4","0","13","135.5","launcher:13|sunflower:16|ice:4|catapult:6"
"25","14","egypt","moderate","launcher|sunflower|barrier|ice|bomb|catapult","196.5","loss","2050","2025","2175","29","15","0","25","4","11600","74.0","-0.15","2","0","16","97.0","sunflower:13|launcher:7|barrier:5|catapult:2|ice:1|bomb:1"
"25","14","egypt","no_tuna","launcher|sunflower|barrier|ice|bomb|catapult","269.75","loss","2100","2100","2250","35","25","0","36","5","29000","87.0","-0.15","0","0","19","213.5","sunflower:14|launcher:10|barrier:11"
"25","14","egypt","strategic_tuna","launcher|sunflower|barrier|ice|bomb|catapult","239.07","win","1875","1875","2025","29","16","0","37","3","23500","47.5","-0.12","3","1","16","119.5","sunflower:9|launcher:10|barrier:9|catapult:1"
"25","14","egypt","late","launcher|sunflower|barrier|ice|bomb|catapult","202.5","loss","2675","2675","2825","34","14","0","32","4","6850","78.0","-0.15","4","0","15","93.0","sunflower:15|launcher:7|catapult:4|barrier:4|ice:3|bomb:1"
"25","14","egypt","world","sunflower|launcher|boomerang|barrier|ice|catapult","261.77","win","3500","3500","3625","44","21","25","37","3","16100","104.5","-0.12","4","1","14","119.5","sunflower:19|launcher:9|barrier:7|ice:4|catapult:3|boomerang:2"
"26","15","egypt","reference","launcher|sunflower|barrier|ice|bomb|catapult","237.68","win","3375","3375","3450","41","17","75","39","3","13800","94.5","-0.12","4","1","15","114.0","sunflower:16|launcher:8|barrier:7|ice:5|catapult:5"
"26","15","egypt","initial","launcher|sunflower|barrier|ice|mine|bomb","241.4","win","1825","1825","1850","38","8","125","39","3","10900","33.0","-0.12","0","1","13","136.0","sunflower:10|launcher:7|mine:16|barrier:5"
"26","15","egypt","defensive","sunflower|launcher|barrier|mine|ice|catapult","219.7","win","3200","3175","3275","50","15","50","39","4","13500","53.0","-0.12","4","1","12","144.5","sunflower:14|launcher:8|mine:14|barrier:7|ice:4|catapult:3"
"26","15","egypt","offensive","sunflower|launcher|catapult|boomerang|ice","238.07","win","3325","3325","3100","38","26","375","39","5","6350","101.5","-0.13","4","1","16","144.5","launcher:12|sunflower:20|catapult:3|ice:3"
"26","15","egypt","moderate","launcher|sunflower|barrier|ice|bomb|catapult","184.88","loss","1650","1650","1800","27","19","0","17","3","10650","102.0","-0.15","1","0","17","184.88","sunflower:17|launcher:5|barrier:3|catapult:1|ice:1"
"26","15","egypt","no_tuna","launcher|sunflower|barrier|ice|bomb|catapult","296.25","loss","2300","2300","2425","36","22","25","38","3","27900","109.0","-0.15","0","0","17","214.0","sunflower:15|launcher:8|barrier:10|catapult:3"
"26","15","egypt","strategic_tuna","launcher|sunflower|barrier|ice|bomb|catapult","230.78","win","1800","1800","1875","24","6","75","39","2","9650","39.0","-0.12","3","1","14","114.0","sunflower:9|launcher:6|barrier:4|catapult:5"
"26","15","egypt","late","launcher|sunflower|barrier|ice|bomb|catapult","220.18","win","2775","2775","2875","33","9","50","39","4","7800","58.0","-0.12","4","1","14","97.0","sunflower:13|launcher:5|catapult:5|barrier:5|ice:4|bomb:1"
"26","15","egypt","world","sunflower|launcher|boomerang|barrier|ice|catapult","243.8","win","3400","3400","3550","41","17","0","39","3","13550","94.5","-0.12","4","1","15","114.0","sunflower:16|launcher:8|barrier:7|ice:5|catapult:3|boomerang:2"
"27","16","egypt","reference","launcher|sunflower|barrier|ice|bomb|catapult","210.18","win","3075","3075","2875","34","11","350","41","3","7100","57.0","-0.13","4","1","11","97.0","sunflower:15|launcher:6|barrier:4|ice:4|catapult:5"
"27","16","egypt","initial","launcher|sunflower|barrier|ice|mine|bomb","264.4","win","2075","2075","2225","42","9","0","41","3","18750","35.0","-0.08","0","1","15","119.0","sunflower:9|launcher:6|mine:17|barrier:8|ice:2"
"27","16","egypt","defensive","sunflower|launcher|barrier|mine|ice|catapult","229.6","win","3250","3250","3225","50","12","175","41","4","12100","67.0","-0.08","4","1","15","119.0","sunflower:15|launcher:6|mine:15|barrier:6|ice:4|catapult:4"
"27","16","egypt","offensive","sunflower|launcher|catapult|boomerang|ice","208.88","win","3150","3125","2850","29","9","425","41","3","2400","46.5","-0.12","4","1","11","97.0","launcher:8|sunflower:11|ice:5|catapult:5"
"27","16","egypt","moderate","launcher|sunflower|barrier|ice|bomb|catapult","210.58","win","3075","3075","2725","31","7","500","41","4","3500","45.5","-0.12","4","1","11","91.0","sunflower:11|launcher:6|barrier:5|catapult:5|ice:4"
"27","16","egypt","no_tuna","launcher|sunflower|barrier|ice|bomb|catapult","275.15","loss","2200","2175","2325","34","19","0","38","3","26100","63.0","-0.15","0","0","18","218.5","sunflower:12|launcher:8|barrier:11|catapult:3"
"27","16","egypt","strategic_tuna","launcher|sunflower|barrier|ice|bomb|catapult","235.08","win","1875","1850","1875","25","6","125","41","2","12700","29.5","-0.08","3","1","12","97.0","sunflower:10|launcher:5|barrier:5|catapult:5"
"27","16","egypt","late","launcher|sunflower|barrier|ice|bomb|catapult","210.18","win","2850","2850","2575","29","6","425","41","4","3250","45.5","-0.12","4","1","11","91.0","sunflower:11|launcher:5|catapult:5|barrier:4|ice:4"
"27","16","egypt","world","sunflower|launcher|boomerang|barrier|ice|catapult","214.58","win","2775","2775","2925","34","11","0","41","3","7100","57.0","-0.13","3","1","11","97.0","sunflower:15|launcher:6|barrier:4|ice:4|boomerang:1|catapult:4"
"28","17","egypt","reference","launcher|sunflower|barrier|ice|bomb|catapult","233.47","win","3675","3675","3000","34","9","825","43","3","4450","38.0","-0.08","5","1","12","96.5","sunflower:13|launcher:6|barrier:5|ice:5|catapult:5"
"28","17","egypt","initial","launcher|sunflower|barrier|ice|mine|bomb","265.48","loss","1950","1950","2075","43","17","25","38","4","23300","62.0","-0.15","0","0","17","263.0","sunflower:12|launcher:7|mine:17|barrier:7"
"28","17","egypt","defensive","sunflower|launcher|barrier|mine|ice|catapult","235.57","win","3750","3750","3425","49","8","475","43","2","8300","35.0","-0.08","5","1","12","143.0","sunflower:10|launcher:6|mine:16|barrier:6|ice:5|catapult:6"
"28","17","egypt","offensive","sunflower|launcher|catapult|boomerang|ice","229.37","win","3700","3700","3650","36","16","200","43","4","4150","58.5","-0.13","5","1","12","154.5","launcher:10|sunflower:12|catapult:8|ice:5|boomerang:1"
"28","17","egypt","moderate","launcher|sunflower|barrier|ice|bomb|catapult","230.25","win","3675","3650","2800","30","7","1000","43","4","3700","40.0","-0.08","5","1","11","91.0","sunflower:11|launcher:6|barrier:3|catapult:5|ice:5"
"28","17","egypt","no_tuna","launcher|sunflower|barrier|ice|bomb|catapult","196.5","loss","1500","1475","1600","27","17","25","20","4","15200","87.5","-0.15","0","0","13","96.5","sunflower:17|launcher:5|barrier:5"
"28","17","egypt","strategic_tuna","launcher|sunflower|barrier|ice|bomb|catapult","267.2","win","2100","2075","2125","29","12","100","43","3","19750","36.0","-0.08","5","1","16","96.5","sunflower:12|launcher:6|barrier:6|catapult:5"
"28","17","egypt","late","launcher|sunflower|barrier|ice|bomb|catapult","391.37","loss","4425","4375","4500","62","39","25","42","4","11100","246.0","-0.15","5","0","12","91.0","sunflower:41|launcher:6|catapult:5|barrier:4|ice:5|bomb:1"
"28","17","egypt","world","sunflower|launcher|boomerang|barrier|ice|catapult","230.25","win","3675","3675","3050","34","9","775","43","3","4650","38.0","-0.08","5","1","12","96.5","sunflower:13|launcher:6|barrier:5|ice:5|catapult:4|boomerang:1"
"29","18","egypt","reference","launcher|sunflower|barrier|ice|bomb|catapult","233.25","win","3350","3350","3500","36","9","0","45","2","10500","47.5","-0.11","4","1","10","102.5","sunflower:9|launcher:8|barrier:6|ice:5|catapult:5|bomb:3"
"29","18","egypt","initial","launcher|sunflower|barrier|ice|mine|bomb","269.68","win","2100","2100","2250","40","6","0","45","3","11200","38.5","-0.12","0","1","13","106.0","sunflower:10|launcher:6|mine:17|barrier:4|ice:3"
"29","18","egypt","defensive","sunflower|launcher|barrier|mine|ice|catapult","240.43","win","3700","3700","3550","51","11","300","45","2","13800","48.0","-0.12","5","1","12","155.5","sunflower:10|launcher:8|mine:16|barrier:7|ice:5|catapult:5"
"29","18","egypt","offensive","sunflower|launcher|catapult|boomerang|ice","252.75","win","3800","3800","3950","42","22","0","45","4","6100","113.0","-0.12","5","1","12","177.5","launcher:10|sunflower:18|ice:4|catapult:8|boomerang:2"
"29","18","egypt","moderate","launcher|sunflower|barrier|ice|bomb|catapult","229.0","win","3300","3300","2800","30","6","650","45","4","2900","27.5","-0.08","4","1","13","96.5","sunflower:10|launcher:6|barrier:4|catapult:5|ice:5"
"29","18","egypt","no_tuna","launcher|sunflower|barrier|ice|bomb|catapult","282.72","win","2250","2250","2300","35","19","100","45","4","29000","75.5","-0.12","0","1","16","102.5","sunflower:13|launcher:8|barrier:12|catapult:2"
"29","18","egypt","strategic_tuna","launcher|sunflower|barrier|ice|bomb|catapult","257.7","win","2075","2075","2150","27","7","75","45","2","16050","18.0","-0.12","3","1","13","102.5","sunflower:8|launcher:6|barrier:7|catapult:5|ice:1"
"29","18","egypt","late","launcher|sunflower|barrier|ice|bomb|catapult","232.52","win","3400","3400","2825","30","6","725","45","4","4500","27.5","-0.08","5","1","13","97.0","sunflower:10|launcher:5|catapult:6|barrier:4|ice:5"
"29","18","egypt","world","sunflower|launcher|boomerang|barrier|ice|catapult","231.12","win","3675","3675","3375","37","12","450","45","2","9950","77.5","-0.11","5","1","10","102.5","sunflower:14|launcher:6|barrier:6|ice:6|catapult:3|boomerang:2"
"30","19","egypt","reference","launcher|sunflower|barrier|ice|bomb|catapult","286.22","win","3725","3725","3825","49","26","50","47","3","30550","109.0","-0.13","4","1","18","152.5","sunflower:20|launcher:8|barrier:11|ice:4|catapult:5|bomb:1"
"30","19","egypt","initial","launcher|sunflower|barrier|ice|mine|bomb","339.25","loss","2625","2600","2750","52","16","0","45","3","19600","67.5","-0.15","0","0","13","141.0","sunflower:13|launcher:7|mine:22|barrier:7|bomb:1|ice:2"
"30","19","egypt","defensive","sunflower|launcher|barrier|mine|ice|catapult","266.65","win","3550","3550","3575","53","11","125","47","4","11250","48.0","-0.12","4","1","13","137.0","sunflower:12|launcher:7|mine:17|barrier:7|ice:5|catapult:5"
"30","19","egypt","offensive","sunflower|launcher|catapult|boomerang|ice","279.68","win","4025","4025","4100","42","22","75","47","5","5800","53.5","-0.14","5","1","14","136.5","launcher:13|sunflower:15|ice:4|catapult:8|boomerang:2"
"30","19","egypt","moderate","launcher|sunflower|barrier|ice|bomb|catapult","244.7","loss","2975","2975","3050","38","24","75","30","4","21400","74.0","-0.15","3","0","19","244.7","sunflower:12|launcher:10|barrier:9|catapult:4|ice:2|bomb:1"
"30","19","egypt","no_tuna","launcher|sunflower|barrier|ice|bomb|catapult","282.15","loss","2175","2150","2275","35","26","25","36","4","29950","103.0","-0.15","0","0","17","282.15","sunflower:16|launcher:9|barrier:9|catapult:1"
"30","19","egypt","strategic_tuna","launcher|sunflower|barrier|ice|bomb|catapult","349.25","win","2750","2750","2875","41","26","25","47","4","32050","129.5","-0.12","5","1","15","191.5","sunflower:17|launcher:9|barrier:10|catapult:5"
"30","19","egypt","late","launcher|sunflower|barrier|ice|bomb|catapult","248.6","loss","2725","2725","2875","37","24","0","30","4","19650","91.0","-0.15","3","0","19","248.6","sunflower:16|launcher:7|catapult:4|barrier:7|ice:3"
"30","19","egypt","world","sunflower|launcher|boomerang|barrier|ice|catapult","289.2","win","4125","4100","4025","50","26","225","47","3","32100","109.0","-0.13","5","1","18","152.5","sunflower:20|launcher:8|barrier:11|ice:5|catapult:5|boomerang:1"
"31","20","pirates","reference","launcher|sunflower|barrier|ice|bomb|catapult","179.4","win","2575","2550","2600","28","5","100","32","2","4600","22.5","-0.08","3","1","12","108.0","sunflower:8|launcher:7|barrier:4|ice:3|catapult:5|bomb:1"
"31","20","pirates","initial","launcher|sunflower|barrier|ice|mine|bomb","213.65","loss","1600","1600","1750","38","14","0","26","3","13950","75.5","-0.15","0","0","14","185.0","sunflower:15|launcher:4|mine:14|barrier:5"
"31","20","pirates","defensive","sunflower|launcher|barrier|mine|ice|spring","187.42","win","2550","2525","2475","41","12","200","32","3","12850","54.0","-0.08","3","1","17","124.0","sunflower:12|launcher:7|mine:12|barrier:7|ice:3"
"31","20","pirates","offensive","sunflower|launcher|catapult|boomerang|ice","261.77","win","3150","3150","3250","40","24","50","32","4","6250","144.0","-0.12","3","1","12","176.5","launcher:10|sunflower:22|catapult:5|ice:3"
"31","20","pirates","moderate","launcher|sunflower|barrier|ice|bomb|catapult","171.62","win","2450","2450","2225","26","5","375","32","4","2350","28.0","-0.12","3","1","12","93.5","sunflower:9|launcher:6|barrier:4|catapult:5|ice:2"
"31","20","pirates","no_tuna","launcher|sunflower|barrier|ice|bomb|catapult","216.02","win","1675","1675","1725","26","11","100","32","3","18250","48.0","-0.12","0","1","13","108.0","sunflower:10|launcher:7|barrier:8|catapult:1"
"31","20","pirates","strategic_tuna","launcher|sunflower|barrier|ice|bomb|catapult","190.7","win","1500","1500","1575","21","4","75","32","2","7500","22.5","-0.08","3","1","13","108.0","sunflower:8|launcher:6|barrier:4|catapult:3"
"31","20","pirates","late","launcher|sunflower|barrier|ice|bomb|catapult","170.58","win","2150","2150","2075","24","4","225","32","4","1850","27.5","-0.12","3","1","12","93.5","sunflower:9|launcher:5|catapult:5|barrier:3|ice:2"
"31","20","pirates","world","sunflower|launcher|spring|barrier|ice|catapult","210.12","win","2800","2775","2875","35","10","50","32","3","5550","46.0","-0.08","3","1","13","108.0","sunflower:10|launcher:7|spring:6|barrier:5|ice:2|catapult:5"
"32","21","pirates","reference","launcher|sunflower|barrier|ice|bomb|catapult","212.53","win","3125","3125","3275","43","20","0","34","3","13500","108.5","-0.14","4","1","14","115.0","sunflower:21|launcher:7|barrier:7|ice:3|catapult:4|bomb:1"
"32","21","pirates","initial","launcher|sunflower|barrier|ice|mine|bomb","243.1","win","1925","1900","2000","41","11","50","34","4","18850","44.5","-0.12","0","1","12","115.5","sunflower:11|launcher:7|mine:16|barrier:7"
"32","21","pirates","defensive","sunflower|launcher|barrier|mine|ice|spring","186.52","win","2900","2900","2850","44","13","200","34","4","10200","49.0","-0.12","4","1","12","123.0","sunflower:12|launcher:9|mine:12|barrier:7|ice:4"
"32","21","pirates","offensive","sunflower|launcher|catapult|boomerang|ice","190.7","win","3000","3000","3125","30","11","25","34","2","3100","37.5","-0.12","4","1","11","142.5","launcher:10|sunflower:9|catapult:5|ice:4|boomerang:2"
"32","21","pirates","moderate","launcher|sunflower|barrier|ice|bomb|catapult","183.92","win","2400","2400","2450","31","10","100","34","4","6000","45.0","-0.12","3","1","12","97.0","sunflower:13|launcher:7|barrier:5|catapult:4|ice:2"
"32","21","pirates","no_tuna","launcher|sunflower|barrier|ice|bomb|catapult","234.03","loss","1800","1800","1950","31","20","0","31","3","21350","83.5","-0.15","0","0","17","112.0","sunflower:15|launcher:8|barrier:8"
"32","21","pirates","strategic_tuna","launcher|sunflower|barrier|ice|bomb|catapult","198.32","win","1525","1525","1675","23","6","0","34","2","9600","29.0","-0.12","3","1","13","112.0","sunflower:9|launcher:6|barrier:5|catapult:3"
"32","21","pirates","late","launcher|sunflower|barrier|ice|bomb|catapult","192.17","win","2625","2625","2675","31","8","100","34","4","4350","42.5","-0.14","4","1","12","97.0","sunflower:12|launcher:6|catapult:3|barrier:5|ice:4|bomb:1"
"32","21","pirates","world","sunflower|launcher|spring|barrier|ice|catapult","185.08","win","2900","2900","2950","34","6","100","34","3","2950","37.0","-0.12","4","1","12","97.0","sunflower:11|launcher:5|barrier:4|spring:5|ice:4|catapult:5"
"33","22","pirates","reference","launcher|sunflower|barrier|ice|bomb|catapult","181.62","win","2950","2950","2800","30","6","300","36","2","6600","45.0","-0.12","4","1","10","111.5","sunflower:10|launcher:6|barrier:4|ice:5|catapult:5"
"33","22","pirates","initial","launcher|sunflower|barrier|ice|mine|bomb","267.03","loss","1975","1950","2075","44","17","25","33","4","20700","73.0","-0.15","0","0","12","117.5","sunflower:13|launcher:6|mine:17|barrier:8"
"33","22","pirates","defensive","sunflower|launcher|barrier|mine|ice|spring","227.6","win","3225","3225","3000","47","12","375","36","4","9900","60.0","-0.13","4","1","12","123.0","sunflower:13|launcher:8|mine:15|barrier:6|ice:5"
"33","22","pirates","offensive","sunflower|launcher|catapult|boomerang|ice","183.98","win","2950","2950","2875","29","10","225","36","2","2500","28.5","-0.12","4","1","10","143.5","launcher:10|sunflower:10|ice:3|catapult:4|boomerang:2"
"33","22","pirates","moderate","launcher|sunflower|barrier|ice|bomb|catapult","185.5","loss","2825","2825","2600","34","15","375","29","4","6850","105.0","-0.15","4","0","13","93.0","sunflower:17|launcher:6|barrier:5|catapult:3|ice:3"
"33","22","pirates","no_tuna","launcher|sunflower|barrier|ice|bomb|catapult","205.85","win","1625","1625","1775","25","8","0","36","2","8950","51.0","-0.12","0","1","11","111.5","sunflower:11|launcher:6|barrier:5|catapult:3"
"33","22","pirates","strategic_tuna","launcher|sunflower|barrier|ice|bomb|catapult","205.85","win","1625","1625","1725","24","7","50","36","2","9100","51.0","-0.12","2","1","11","111.5","sunflower:11|launcher:6|barrier:4|catapult:3"
"33","22","pirates","late","launcher|sunflower|barrier|ice|bomb|catapult","261.12","loss","3175","3175","3325","43","22","0","35","4","8400","126.0","-0.15","4","0","13","96.5","sunflower:22|launcher:9|catapult:3|barrier:5|ice:4"
"33","22","pirates","world","sunflower|launcher|spring|barrier|ice|catapult","191.43","win","3000","3000","2900","33","5","250","36","3","3250","43.5","-0.12","4","1","12","102.5","sunflower:10|launcher:5|barrier:4|spring:5|ice:4|catapult:5"
"34","23","pirates","reference","launcher|sunflower|barrier|ice|bomb|catapult","190.5","win","2650","2650","2650","26","2","150","38","0","7850","0.0","3.9","3","3","10","131.0","sunflower:5|launcher:5|barrier:5|ice:5|catapult:5|bomb:1"
"34","23","pirates","initial","launcher|sunflower|barrier|ice|mine|bomb","218.35","win","1700","1700","1800","32","3","50","38","1","2100","25.5","-0.12","0","2","12","191.5","sunflower:7|launcher:6|mine:14|barrier:3|ice:2"
"34","23","pirates","defensive","sunflower|launcher|barrier|mine|ice|spring","198.13","win","3050","3050","2175","32","1","1025","38","0","2150","0.0","4.15","4","3","10","78.5","sunflower:5|launcher:5|mine:12|barrier:5|ice:5"
"34","23","pirates","offensive","sunflower|launcher|catapult|boomerang|ice","199.12","win","2675","2675","2775","27","8","50","38","1","2150","36.5","-0.12","3","1","10","145.0","launcher:8|sunflower:8|ice:3|catapult:7|boomerang:1"
"34","23","pirates","moderate","launcher|sunflower|barrier|ice|bomb|catapult","205.48","win","3125","3125","3050","34","11","225","38","1","10050","61.5","-0.12","4","1","11","157.5","sunflower:12|launcher:7|barrier:5|ice:5|catapult:5"
"34","23","pirates","no_tuna","launcher|sunflower|barrier|ice|bomb|catapult","211.75","win","1700","1700","1825","25","8","25","38","1","7900","43.5","-0.12","0","1","11","148.5","sunflower:10|launcher:7|barrier:5|catapult:3"
"34","23","pirates","strategic_tuna","launcher|sunflower|barrier|ice|bomb|catapult","209.72","win","1675","1675","1800","24","8","25","38","1","9750","43.5","-0.12","2","1","10","148.5","sunflower:10|launcher:6|barrier:4|catapult:4"
"34","23","pirates","late","launcher|sunflower|barrier|ice|bomb|catapult","192.62","win","2775","2775","2600","27","4","325","38","2","3250","38.0","-0.12","4","1","10","106.5","sunflower:9|launcher:5|catapult:5|barrier:3|ice:5"
"34","23","pirates","world","sunflower|launcher|spring|barrier|ice|catapult","210.0","win","2775","2775","2925","36","11","0","38","1","4550","67.5","-0.12","3","1","12","172.5","sunflower:14|launcher:6|barrier:3|ice:3|spring:6|catapult:4"
"35","24","pirates","reference","launcher|sunflower|barrier|ice|bomb|catapult","202.45","win","3100","3100","2850","30","7","400","40","1","4340","35.0","-0.08","4","1","10","54.0","sunflower:9|launcher:7|barrier:4|ice:5|catapult:5"
"35","24","pirates","initial","launcher|sunflower|barrier|ice|mine|bomb","251.88","win","1950","1950","2050","41","10","50","40","2","10710","49.0","-0.12","0","1","12","203.5","sunflower:11|launcher:6|mine:17|barrier:6|ice:1"
"35","24","pirates","defensive","sunflower|launcher|barrier|mine|ice|spring","214.32","win","3150","3150","2425","36","5","875","40","1","2000","20.0","-0.12","4","1","11","74.0","sunflower:8|launcher:6|mine:12|barrier:5|ice:5"
"35","24","pirates","offensive","sunflower|launcher|catapult|boomerang|ice","201.5","win","2750","2750","2300","21","1","600","40","0","760","0.0","2.15","3","3","10","54.0","launcher:5|sunflower:6|ice:3|catapult:5|boomerang:2"
"35","24","pirates","moderate","launcher|sunflower|barrier|ice|bomb|catapult","201.5","win","2750","2750","2575","25","2","325","40","0","1550","0.0","2.15","3","3","10","73.0","sunflower:6|launcher:5|barrier:3|ice:5|catapult:6"
"35","24","pirates","no_tuna","launcher|sunflower|barrier|ice|bomb|catapult","230.88","win","1800","1800","1850","25","7","100","40","2","11450","27.5","-0.08","0","1","12","87.0","sunflower:9|launcher:6|barrier:6|catapult:4"
"35","24","pirates","strategic_tuna","launcher|sunflower|barrier|ice|bomb|catapult","218.47","win","1725","1725","1775","23","5","100","40","1","3920","28.0","-0.08","3","1","11","84.0","sunflower:9|launcher:5|barrier:4|catapult:5"
"35","24","pirates","late","launcher|sunflower|barrier|ice|bomb|catapult","203.62","win","2900","2875","2700","29","6","325","40","2","2330","26.0","-0.08","4","1","10","99.0","sunflower:10|launcher:5|catapult:5|barrier:4|ice:5"
"35","24","pirates","world","sunflower|launcher|spring|barrier|ice|catapult","203.62","win","3125","3125","2950","31","4","325","40","1","1670","24.0","-0.08","4","1","10","54.0","sunflower:8|launcher:5|barrier:2|ice:5|spring:6|catapult:5"
"36","25","pirates","reference","launcher|sunflower|barrier|ice|bomb|catapult","212.5","win","3200","3200","2900","32","8","450","42","2","4890","43.0","-0.12","4","1","10","111.5","sunflower:12|launcher:6|barrier:4|ice:5|catapult:5"
"36","25","pirates","initial","launcher|sunflower|barrier|ice|mine|bomb","232.08","win","1750","1750","1875","35","7","25","42","2","6170","38.0","-0.12","0","1","10","66.0","sunflower:11|launcher:5|mine:15|barrier:2|ice:2"
"36","25","pirates","defensive","sunflower|launcher|barrier|mine|ice|spring","224.38","win","3625","3600","2575","41","7","1175","42","2","4380","44.0","-0.12","5","1","11","66.0","sunflower:12|launcher:5|mine:14|barrier:5|ice:5"
"36","25","pirates","offensive","sunflower|launcher|catapult|boomerang|ice","212.5","win","3225","3225","2450","22","2","925","42","0","1110","2.0","1.5","4","3","10","66.0","launcher:7|sunflower:5|ice:3|catapult:5|boomerang:2"
"36","25","pirates","moderate","launcher|sunflower|barrier|ice|bomb|catapult","222.53","win","3550","3550","3550","42","20","150","42","4","10830","94.0","-0.13","5","1","12","136.0","sunflower:19|barrier:5|launcher:7|catapult:5|ice:5|bomb:1"
"36","25","pirates","no_tuna","launcher|sunflower|barrier|ice|bomb|catapult","230.47","win","1850","1850","1975","26","6","25","42","2","6220","49.0","-0.12","0","1","10","111.5","sunflower:10|launcher:6|barrier:5|catapult:5"
"36","25","pirates","strategic_tuna","launcher|sunflower|barrier|ice|bomb|catapult","222.83","win","1750","1750","1800","24","6","100","42","2","5970","49.0","-0.12","2","1","10","111.5","sunflower:10|launcher:6|barrier:4|catapult:4"
"36","25","pirates","late","launcher|sunflower|barrier|ice|bomb|catapult","213.02","win","3325","3325","2750","30","8","725","42","3","4680","63.5","-0.12","5","1","10","81.5","sunflower:13|launcher:5|catapult:5|barrier:2|ice:5"
"36","25","pirates","world","sunflower|launcher|spring|barrier|ice|catapult","213.0","win","3600","3600","3025","33","5","725","42","1","2650","37.0","-0.08","5","1","10","109.0","sunflower:10|launcher:5|barrier:3|spring:5|ice:5|catapult:5"
"37","26","pirates","reference","launcher|sunflower|barrier|ice|bomb|catapult","223.5","win","3275","3275","2450","24","0","975","44","0","2990","0.0","2.15","4","3","10","60.5","sunflower:5|launcher:5|barrier:4|ice:5|catapult:5"
"37","26","pirates","initial","launcher|sunflower|barrier|ice|mine|bomb","246.05","win","1900","1900","1975","38","6","75","44","2","3650","46.0","-0.12","0","1","10","138.5","sunflower:9|launcher:7|mine:16|barrier:5|ice:1"
"37","26","pirates","defensive","sunflower|launcher|barrier|mine|ice|spring","236.32","win","3775","3750","2250","35","0","1650","44","0","2110","0.0","4.15","5","3","11","138.0","sunflower:5|launcher:5|mine:15|barrier:5|ice:5"
"37","26","pirates","offensive","sunflower|launcher|catapult|boomerang|ice","223.5","win","3650","3650","2500","22","2","1300","44","0","990","0.0","2.47","5","3","10","135.0","launcher:5|sunflower:5|ice:3|catapult:7|boomerang:2"
"37","26","pirates","moderate","launcher|sunflower|barrier|ice|bomb|catapult","223.5","win","3250","3250","2850","30","4","550","44","2","4000","22.5","-0.08","4","1","9","97.0","sunflower:8|launcher:7|barrier:5|ice:5|catapult:5"
"37","26","pirates","no_tuna","launcher|sunflower|barrier|ice|bomb|catapult","244.75","win","1900","1900","1950","29","12","100","44","2","12200","74.0","-0.12","0","1","11","114.5","sunflower:14|launcher:7|barrier:6|catapult:2"
"37","26","pirates","strategic_tuna","launcher|sunflower|barrier|ice|bomb|catapult","233.83","win","1825","1825","1975","29","11","0","44","2","8470","79.0","-0.12","4","1","11","114.5","sunflower:15|launcher:6|barrier:5|catapult:3"
"37","26","pirates","late","launcher|sunflower|barrier|ice|bomb|catapult","229.0","loss","3000","3000","3150","40","19","0","41","3","12760","103.0","-0.15","4","0","11","97.0","sunflower:19|launcher:7|catapult:4|barrier:6|ice:4"
"37","26","pirates","world","sunflower|launcher|spring|barrier|ice|catapult","224.02","win","3250","3225","3200","36","8","175","44","2","3290","60.0","-0.12","4","1","10","106.5","sunflower:12|launcher:5|barrier:3|ice:5|spring:6|catapult:5"
"38","27","pirates","reference","launcher|sunflower|barrier|ice|bomb|catapult","234.5","win","3350","3350","3050","33","9","450","46","2","5440","41.5","-0.12","4","1","10","125.5","sunflower:10|launcher:8|barrier:5|ice:5|catapult:5"
"38","27","pirates","initial","launcher|sunflower|barrier|ice|mine|bomb","250.18","win","1950","1950","2025","37","7","75","46","3","2760","33.0","-0.12","0","1","11","121.0","sunflower:11|launcher:6|mine:15|barrier:3|ice:2"
"38","27","pirates","defensive","sunflower|launcher|barrier|mine|ice|spring","246.38","win","3450","3450","2175","32","0","1425","46","0","640","0.0","2.15","4","3","11","89.0","sunflower:5|launcher:5|mine:12|barrier:5|ice:5"
"38","27","pirates","offensive","sunflower|launcher|catapult|boomerang|ice","234.5","win","3775","3775","2250","20","0","1675","46","0","730","0.0","2.43","5","3","10","68.0","launcher:5|sunflower:5|ice:3|catapult:5|boomerang:2"
"38","27","pirates","moderate","launcher|sunflower|barrier|ice|bomb|catapult","234.5","win","3350","3325","2800","30","5","675","46","3","2510","23.5","-0.12","4","1","10","97.0","sunflower:9|launcher:6|barrier:5|catapult:5|ice:5"
"38","27","pirates","no_tuna","launcher|sunflower|barrier|ice|bomb|catapult","256.25","loss","1950","1950","2100","34","21","0","37","3","17820","117.0","-0.15","0","0","15","256.25","sunflower:18|launcher:8|barrier:8"
"38","27","pirates","strategic_tuna","launcher|sunflower|barrier|ice|bomb|catapult","246.32","win","1950","1950","1975","25","7","125","46","2","4960","35.5","-0.12","2","1","11","125.5","sunflower:9|launcher:7|barrier:4|catapult:5"
"38","27","pirates","late","launcher|sunflower|barrier|ice|bomb|catapult","234.5","win","3025","3025","2650","28","5","525","46","3","2690","28.5","-0.12","4","1","10","97.0","sunflower:10|launcher:5|catapult:5|barrier:3|ice:5"
"38","27","pirates","world","sunflower|launcher|spring|barrier|ice|catapult","234.5","win","3350","3325","3075","34","5","400","46","3","2520","42.0","-0.12","4","1","10","103.5","sunflower:10|launcher:5|barrier:4|spring:5|ice:5|catapult:5"
"39","28","pirates","reference","launcher|sunflower|barrier|ice|bomb|catapult","245.5","win","3475","3475","2350","22","0","1275","48","0","1460","0.0","2.62","4","3","10","65.0","sunflower:5|launcher:5|barrier:2|ice:5|catapult:5"
"39","28","pirates","initial","launcher|sunflower|barrier|ice|mine|bomb","261.28","win","2075","2075","2225","38","5","0","48","2","3510","22.0","-0.08","0","1","10","106.5","sunflower:9|launcher:5|mine:17|barrier:3|ice:4"
"39","28","pirates","defensive","sunflower|launcher|barrier|mine|ice|spring","258.32","win","3900","3900","2325","36","1","1725","48","0","2910","0.0","2.23","5","3","11","69.0","sunflower:5|launcher:5|mine:14|barrier:7|ice:5"
"39","28","pirates","offensive","sunflower|launcher|catapult|boomerang|ice","245.5","win","3475","3475","2350","21","1","1275","48","0","460","0.0","1.98","4","3","10","65.0","launcher:6|sunflower:5|ice:3|catapult:5|boomerang:2"
"39","28","pirates","moderate","launcher|sunflower|barrier|ice|bomb|catapult","251.47","win","3475","3450","2525","27","4","1075","48","2","3730","24.0","-0.08","4","1","10","107.5","sunflower:9|launcher:5|barrier:4|ice:5|catapult:4"
"39","28","pirates","no_tuna","launcher|sunflower|barrier|ice|bomb|catapult","256.83","win","2050","2000","2100","30","12","50","48","1","10700","55.0","-0.08","0","1","10","143.0","sunflower:13|launcher:6|barrier:7|catapult:4"
"39","28","pirates","strategic_tuna","launcher|sunflower|barrier|ice|bomb|catapult","248.68","win","2000","2000","2050","24","5","100","48","1","4170","17.0","-0.08","3","1","10","65.0","sunflower:7|launcher:7|barrier:4|catapult:5|ice:1"
"39","28","pirates","late","launcher|sunflower|barrier|ice|bomb|catapult","173.68","loss","2100","2100","2250","27","9","0","27","3","2360","57.5","-0.15","3","0","10","98.0","sunflower:14|launcher:5|ice:4|barrier:2|catapult:2"
"39","28","pirates","world","sunflower|launcher|spring|barrier|ice|catapult","245.5","win","3450","3450","2925","31","5","675","48","1","2010","34.5","-0.08","4","1","10","63.0","sunflower:9|launcher:5|spring:5|barrier:2|ice:5|catapult:5"
"40","29","pirates","reference","launcher|sunflower|barrier|ice|bomb|catapult","270.83","win","3650","3650","2800","30","7","1000","50","1","5190","41.0","-0.08","4","1","10","120.0","sunflower:10|launcher:6|barrier:4|ice:5|catapult:5"
"40","29","pirates","initial","launcher|sunflower|barrier|ice|mine|bomb","293.8","win","2275","2275","2425","50","18","0","50","4","12880","103.0","-0.13","0","1","12","258.5","sunflower:16|launcher:8|mine:19|barrier:7"
"40","29","pirates","defensive","sunflower|launcher|barrier|mine|ice|spring","285.98","win","4175","4175","2175","34","1","2150","50","1","1190","16.0","-0.08","5","2","11","68.0","sunflower:6|launcher:6|mine:13|barrier:5|ice:4"
"40","29","pirates","offensive","sunflower|launcher|catapult|boomerang|ice","270.83","win","4050","4050","2450","22","2","1750","50","0","640","2.0","1.5","5","3","10","63.0","launcher:7|sunflower:5|ice:3|catapult:5|boomerang:2"
"40","29","pirates","moderate","launcher|sunflower|barrier|ice|bomb|catapult","270.83","win","3650","3650","2700","28","6","1100","50","1","3080","27.0","-0.08","4","1","10","55.5","sunflower:9|launcher:6|barrier:3|catapult:5|ice:5"
"40","29","pirates","no_tuna","launcher|sunflower|barrier|ice|bomb|catapult","278.88","win","2225","2225","2375","29","8","0","50","1","8730","41.0","-0.08","0","1","10","122.5","sunflower:10|launcher:6|barrier:6|catapult:5|ice:2"
"40","29","pirates","strategic_tuna","launcher|sunflower|barrier|ice|bomb|catapult","278.88","win","2250","2250","2275","23","0","125","50","0","5660","0.0","3.75","2","3","10","54.0","sunflower:5|launcher:5|barrier:4|catapult:5|ice:4"
"40","29","pirates","late","launcher|sunflower|barrier|ice|bomb|catapult","285.98","win","3950","3950","2750","29","5","1350","50","2","3880","24.0","-0.08","5","1","10","97.0","sunflower:9|launcher:5|catapult:4|barrier:5|ice:6"
"40","29","pirates","world","sunflower|launcher|spring|barrier|ice|catapult","270.83","win","3625","3625","3275","38","10","500","50","1","4550","70.0","-0.08","4","1","10","54.0","sunflower:15|launcher:5|barrier:3|spring:5|ice:5|catapult:5"
"41","30","west","reference","launcher|sunflower|barrier|ice|mine|catapult","190.48","win","2950","2950","2800","40","10","300","35","1","10700","53.0","-0.08","4","1","13","132.5","mine:11|sunflower:12|launcher:6|barrier:4|ice:5|catapult:2"
"41","30","west","initial","launcher|sunflower|barrier|ice|mine|bomb","214.0","loss","1550","1550","1700","37","17","0","31","4","21950","83.0","-0.15","0","0","16","191.5","mine:14|sunflower:12|launcher:4|barrier:7"
"41","30","west","defensive","sunflower|launcher|barrier|mine|ice|spring","207.6","win","2725","2725","2825","47","16","50","35","3","21850","37.5","-0.12","3","1","19","169.5","mine:14|sunflower:12|barrier:9|launcher:9|ice:3"
"41","30","west","offensive","sunflower|launcher|catapult|boomerang|lightning|ice","227.77","win","2850","2850","2975","39","27","25","35","4","6450","125.0","-0.14","3","1","14","138.5","launcher:9|sunflower:24|catapult:3|ice:2|lightning:1"
"41","30","west","moderate","launcher|sunflower|barrier|ice|mine|catapult","157.5","loss","1875","1875","1900","33","11","125","17","4","10450","64.0","-0.15","2","0","14","113.5","mine:10|sunflower:11|barrier:5|launcher:5|ice:2"
"41","30","west","no_tuna","launcher|sunflower|barrier|ice|mine|catapult","214.0","loss","1550","1550","1700","37","17","0","31","4","21950","83.0","-0.15","0","0","16","191.5","mine:14|sunflower:12|launcher:4|barrier:7"
"41","30","west","strategic_tuna","launcher|sunflower|barrier|ice|mine|catapult","209.18","win","1600","1600","1625","31","5","125","35","2","12700","40.5","-0.12","3","1","16","168.0","mine:12|sunflower:8|launcher:5|barrier:5|ice:1"
"41","30","west","late","launcher|sunflower|barrier|ice|mine|catapult","164.5","loss","1725","1725","1850","30","13","25","20","3","8450","57.0","-0.15","2","0","13","102.0","mine:8|sunflower:11|launcher:4|catapult:3|barrier:3|ice:1"
"41","30","west","world","sunflower|launcher|lightning|barrier|ice|catapult","210.2","win","3150","3150","3250","37","15","50","35","2","13550","62.0","-0.1","4","1","15","112.0","sunflower:12|launcher:8|barrier:7|ice:3|lightning:4|catapult:3"
"42","31","west","reference","launcher|sunflower|barrier|ice|mine|catapult","206.63","win","3125","3125","2600","37","5","675","37","2","12150","29.5","-0.08","4","1","14","106.0","mine:11|sunflower:7|launcher:5|barrier:7|ice:5|catapult:2"
"42","31","west","initial","launcher|sunflower|barrier|ice|mine|bomb","227.48","loss","1750","1725","1875","41","22","0","26","3","22650","99.5","-0.15","0","0","20","227.48","mine:15|sunflower:15|launcher:4|barrier:7"
"42","31","west","defensive","sunflower|launcher|barrier|mine|ice|spring","215.3","win","3175","3175","3075","49","16","250","37","4","20950","66.0","-0.12","4","1","16","127.5","mine:14|sunflower:14|barrier:9|launcher:7|ice:5"
"42","31","west","offensive","sunflower|launcher|catapult|boomerang|lightning|ice","188.07","win","3025","3025","3150","29","6","25","37","1","1900","21.5","-0.08","4","1","10","114.0","launcher:7|sunflower:8|catapult:6|ice:4|lightning:4"
"42","31","west","moderate","launcher|sunflower|barrier|ice|mine|catapult","232.82","win","3050","3050","3050","48","19","150","37","5","19500","74.5","-0.12","4","1","18","124.5","mine:13|sunflower:16|barrier:6|launcher:8|catapult:1|ice:4"
"42","31","west","no_tuna","launcher|sunflower|barrier|ice|mine|catapult","227.48","loss","1750","1725","1875","41","22","0","26","3","22650","99.5","-0.15","0","0","20","227.48","mine:15|sunflower:15|launcher:4|barrier:7"
"42","31","west","strategic_tuna","launcher|sunflower|barrier|ice|mine|catapult","234.48","loss","1800","1800","1925","41","16","25","36","3","21900","96.0","-0.15","4","0","20","197.0","mine:15|sunflower:14|launcher:5|barrier:7"
"42","31","west","late","launcher|sunflower|barrier|ice|mine|catapult","225.35","win","3025","3025","2625","34","9","550","37","4","11200","50.5","-0.08","4","1","13","101.5","mine:6|sunflower:11|launcher:6|catapult:2|barrier:4|ice:5"
"42","31","west","world","sunflower|launcher|lightning|barrier|ice|catapult","190.5","win","2975","2975","2850","32","9","275","37","2","14050","50.5","-0.12","4","1","13","114.5","sunflower:11|launcher:6|barrier:6|ice:4|lightning:3|catapult:2"
"43","32","west","reference","launcher|sunflower|barrier|ice|mine|catapult","211.68","win","3175","3125","2650","39","9","625","39","2","11650","62.5","-0.08","4","1","11","147.0","mine:10|sunflower:12|launcher:5|barrier:6|ice:5|catapult:1"
"43","32","west","initial","launcher|sunflower|barrier|ice|mine|bomb","229.88","win","1800","1800","1900","38","8","50","39","2","18100","44.5","-0.08","0","1","15","105.5","mine:15|sunflower:9|launcher:5|barrier:8|ice:1"
"43","32","west","defensive","sunflower|launcher|barrier|mine|ice|spring","242.2","win","3375","3375","3525","57","24","0","39","5","29550","96.0","-0.13","4","1","18","134.5","mine:15|sunflower:16|barrier:11|launcher:11|ice:4"
"43","32","west","offensive","sunflower|launcher|catapult|boomerang|lightning|ice","215.48","win","3175","3175","3250","34","16","75","39","3","4500","59.5","-0.12","4","1","10","146.5","launcher:11|sunflower:13|catapult:4|ice:3|boomerang:1|lightning:2"
"43","32","west","moderate","launcher|sunflower|barrier|ice|mine|catapult","237.7","win","3300","3300","3075","43","10","375","39","2","15450","27.5","-0.08","4","1","14","119.0","mine:12|sunflower:7|barrier:8|launcher:9|ice:5|catapult:2"
"43","32","west","no_tuna","launcher|sunflower|barrier|ice|mine|catapult","256.42","win","2000","2000","2075","41","11","75","39","2","20850","44.5","-0.08","0","1","16","215.5","mine:15|sunflower:9|launcher:5|barrier:10|catapult:2"
"43","32","west","strategic_tuna","launcher|sunflower|barrier|ice|mine|catapult","232.68","win","1825","1800","1900","35","8","50","39","2","20800","44.5","-0.08","3","1","14","105.5","mine:12|sunflower:9|launcher:5|barrier:7|catapult:1|ice:1"
"43","32","west","late","launcher|sunflower|barrier|ice|mine|catapult","123.5","loss","1050","1025","1175","19","9","0","7","1","3450","33.0","-0.15","1","0","13","123.5","mine:5|sunflower:8|launcher:3|catapult:1|barrier:1|ice:1"
"43","32","west","world","sunflower|launcher|lightning|barrier|ice|catapult","203.28","win","3125","3075","3025","33","10","200","39","2","10900","24.5","-0.12","4","1","12","141.0","sunflower:9|launcher:9|barrier:6|ice:3|lightning:4|catapult:2"
"44","33","west","reference","launcher|sunflower|barrier|ice|mine|catapult","224.05","win","2900","2875","2575","35","7","450","41","1","8000","18.0","-0.14","3","1","11","156.0","mine:9|sunflower:8|launcher:7|ice:5|catapult:1|barrier:5"
"44","33","west","initial","launcher|sunflower|barrier|ice|mine|bomb","269.15","loss","2075","2075","2225","49","24","0","35","4","28000","123.0","-0.15","0","0","15","148.5","mine:17|sunflower:18|launcher:4|barrier:10"
"44","33","west","defensive","sunflower|launcher|barrier|mine|ice|spring","258.48","loss","3475","3475","3250","58","34","375","34","5","36200","96.5","-0.15","4","0","16","243.5","mine:17|sunflower:18|barrier:12|launcher:8|ice:3"
"44","33","west","offensive","sunflower|launcher|catapult|boomerang|lightning|ice","204.8","win","3150","3150","3000","25","0","300","41","0","150","0.0","3.0","4","3","7","51.5","launcher:5|sunflower:5|ice:5|catapult:5|lightning:5"
"44","33","west","moderate","launcher|sunflower|barrier|ice|mine|catapult","216.7","win","3150","3150","2600","35","5","700","41","2","5050","28.0","-0.08","4","1","11","120.5","mine:9|sunflower:9|barrier:4|launcher:6|ice:5|catapult:2"
"44","33","west","no_tuna","launcher|sunflower|barrier|ice|mine|catapult","269.15","loss","2075","2075","2225","49","24","0","35","4","28000","123.0","-0.15","0","0","15","148.5","mine:17|sunflower:18|launcher:4|barrier:10"
"44","33","west","strategic_tuna","launcher|sunflower|barrier|ice|mine|catapult","242.1","win","1900","1900","2050","35","7","0","41","1","18500","20.0","-0.14","4","1","13","148.5","mine:12|sunflower:7|launcher:7|barrier:7|ice:2"
"44","33","west","late","launcher|sunflower|barrier|ice|mine|catapult","179.5","loss","2150","2125","2275","36","19","0","21","4","9700","60.0","-0.15","3","0","14","113.5","mine:8|sunflower:15|launcher:4|catapult:3|barrier:4|ice:2"
"44","33","west","world","sunflower|launcher|lightning|barrier|ice|catapult","207.0","win","3150","3150","2400","22","0","900","41","0","2100","0.0","3.0","4","3","10","102.0","sunflower:5|launcher:5|barrier:2|ice:5|catapult:3|lightning:2"
"45","34","west","reference","launcher|sunflower|barrier|ice|mine|catapult","250.9","win","3850","3850","2325","30","0","1675","43","0","7400","0.0","3.22","5","3","11","96.0","mine:8|sunflower:5|launcher:5|barrier:5|ice:5|catapult:2"
"45","34","west","initial","launcher|sunflower|barrier|ice|mine|bomb","278.2","win","2200","2200","2200","42","8","150","43","2","21450","27.5","-0.08","0","1","13","147.5","mine:18|sunflower:7|launcher:6|barrier:9|ice:2"
"45","34","west","defensive","sunflower|launcher|barrier|mine|ice|spring","256.7","win","3975","3975","2550","42","5","1575","43","0","22800","0.0","2.17","5","2","13","118.0","mine:17|sunflower:5|barrier:10|launcher:5|ice:5"
"45","34","west","offensive","sunflower|launcher|catapult|boomerang|lightning|ice","215.1","win","3225","3225","3150","26","2","225","43","0","1250","0.0","2.4","4","3","8","69.5","launcher:5|sunflower:5|ice:4|catapult:5|lightning:6|boomerang:1"
"45","34","west","moderate","launcher|sunflower|barrier|ice|mine|catapult","235.82","win","3675","3675","2950","42","10","875","43","2","6350","46.0","-0.12","5","1","11","147.0","mine:11|sunflower:12|barrier:5|launcher:7|ice:5|catapult:2"
"45","34","west","no_tuna","launcher|sunflower|barrier|ice|mine|catapult","277.33","win","2200","2200","2250","40","8","100","43","2","21950","27.5","-0.08","0","1","13","147.5","mine:15|sunflower:7|launcher:6|barrier:9|catapult:1|ice:2"
"45","34","west","strategic_tuna","launcher|sunflower|barrier|ice|mine|catapult","249.63","win","1925","1925","2050","36","7","25","43","2","15400","45.0","-0.08","4","1","14","237.5","mine:12|sunflower:9|launcher:6|barrier:7|ice:2"
"45","34","west","late","launcher|sunflower|barrier|ice|mine|catapult","250.57","win","3600","3600","2475","35","8","1275","43","4","5600","58.5","-0.08","5","1","12","107.5","mine:9|sunflower:12|launcher:5|catapult:1|barrier:3|ice:5"
"45","34","west","world","sunflower|launcher|lightning|barrier|ice|catapult","220.73","win","3650","3650","2525","24","0","1275","43","0","3550","0.0","2.15","5","3","11","70.0","sunflower:5|launcher:5|barrier:4|ice:5|catapult:2|lightning:3"
"46","35","west","reference","launcher|sunflower|barrier|ice|mine|catapult","234.97","win","3325","3325","2375","30","0","1100","45","0","2600","0.0","2.4","4","3","10","97.5","mine:9|sunflower:5|launcher:5|barrier:3|ice:5|catapult:3"
"46","35","west","initial","launcher|sunflower|barrier|ice|mine|bomb","314.53","loss","2425","2425","2550","53","23","25","43","2","30050","103.0","-0.15","0","0","15","248.0","mine:20|sunflower:15|launcher:8|barrier:10"
"46","35","west","defensive","sunflower|launcher|barrier|mine|ice|spring","243.05","win","3850","3825","2600","40","4","1375","45","0","17950","0.0","2.15","5","2","11","150.0","mine:16|sunflower:5|barrier:8|launcher:5|ice:6"
"46","35","west","offensive","sunflower|launcher|catapult|boomerang|lightning|ice","226.78","win","3650","3650","3550","34","9","250","45","2","2350","50.5","-0.12","5","1","8","118.0","launcher:7|sunflower:12|catapult:5|ice:4|lightning:5|boomerang:1"
"46","35","west","moderate","launcher|sunflower|barrier|ice|mine|catapult","234.97","win","3250","3250","2675","37","7","725","45","2","8050","37.5","-0.14","4","1","13","109.0","mine:10|sunflower:10|barrier:4|launcher:6|ice:5|catapult:2"
"46","35","west","no_tuna","launcher|sunflower|barrier|ice|mine|catapult","313.98","loss","2450","2450","2600","51","20","0","43","1","31950","62.0","-0.15","0","0","16","234.5","mine:19|sunflower:11|launcher:9|barrier:11|catapult:1"
"46","35","west","strategic_tuna","launcher|sunflower|barrier|ice|mine|catapult","322.6","win","2575","2575","2350","37","9","375","45","0","32850","0.0","2.15","5","2","14","181.0","mine:10|sunflower:5|launcher:5|barrier:13|ice:4"
"46","35","west","late","launcher|sunflower|barrier|ice|mine|catapult","142.87","loss","1525","1525","1675","26","9","0","19","4","2800","50.5","-0.15","2","0","12","102.0","mine:7|sunflower:10|launcher:3|catapult:2|barrier:2|ice:2"
"46","35","west","world","sunflower|launcher|lightning|barrier|ice|catapult","237.07","win","3775","3775","2825","29","5","1100","45","2","7500","22.5","-0.08","5","1","11","106.5","sunflower:8|launcher:6|barrier:5|ice:5|lightning:3|catapult:2"
"47","36","west","reference","launcher|sunflower|barrier|ice|mine|catapult","255.7","win","3900","3900","3725","50","17","325","47","2","18200","68.0","-0.14","5","1","12","131.5","mine:11|sunflower:11|launcher:12|barrier:8|ice:6|catapult:2"
"47","36","west","initial","launcher|sunflower|barrier|ice|mine|bomb","211.8","loss","1600","1600","1750","38","18","0","29","2","18800","86.5","-0.15","0","0","13","199.0","mine:14|sunflower:14|launcher:4|barrier:6"
"47","36","west","defensive","sunflower|launcher|barrier|mine|ice|spring","256.33","win","3950","3950","3225","50","13","875","47","2","20750","32.0","-0.13","5","1","13","147.5","mine:17|sunflower:9|barrier:10|launcher:8|ice:6"
"47","36","west","offensive","sunflower|launcher|catapult|boomerang|lightning|ice","173.6","loss","2075","2075","2200","27","19","25","18","2","5350","65.5","-0.15","2","0","13","122.5","launcher:7|sunflower:15|catapult:2|ice:1|lightning:1|boomerang:1"
"47","36","west","moderate","launcher|sunflower|barrier|ice|mine|catapult","245.97","win","3375","3375","2700","38","8","825","47","3","5950","41.5","-0.08","4","1","13","113.5","mine:10|sunflower:11|barrier:4|launcher:7|ice:5|catapult:1"
"47","36","west","no_tuna","launcher|sunflower|barrier|ice|mine|catapult","211.8","loss","1600","1600","1750","38","18","0","29","2","18800","86.5","-0.15","0","0","13","199.0","mine:14|sunflower:14|launcher:4|barrier:6"
"47","36","west","strategic_tuna","launcher|sunflower|barrier|ice|mine|catapult","323.58","loss","2575","2550","2675","51","23","25","44","2","35800","92.5","-0.15","5","0","15","131.5","mine:16|sunflower:16|launcher:9|barrier:9|catapult:1"
"47","36","west","late","launcher|sunflower|barrier|ice|mine|catapult","148.37","loss","1575","1575","1700","27","8","25","19","3","4000","47.0","-0.15","2","0","14","102.0","mine:7|sunflower:11|launcher:4|catapult:1|barrier:2|ice:2"
"47","36","west","world","sunflower|launcher|lightning|barrier|ice|catapult","240.98","win","3700","3700","3325","38","14","525","47","4","13200","70.5","-0.1","5","1","13","137.5","sunflower:14|launcher:8|barrier:6|ice:5|catapult:4|lightning:1"
"48","37","west","reference","launcher|sunflower|barrier|ice|mine|catapult","299.92","win","4300","4275","2325","32","4","2100","49","0","16800","0.0","2.15","5","2","12","132.5","mine:9|sunflower:5|launcher:5|barrier:7|ice:5|catapult:1"
"48","37","west","initial","launcher|sunflower|barrier|ice|mine|bomb","283.48","win","2250","2225","2350","42","4","25","49","0","20550","0.0","2.77","0","2","14","167.5","mine:19|sunflower:5|launcher:5|barrier:9|bomb:1|ice:3"
"48","37","west","defensive","sunflower|launcher|barrier|mine|ice|spring","535.27","win","5925","5925","6075","106","66","0","49","1","38050","343.5","-0.12","5","1","14","128.0","mine:20|sunflower:60|barrier:11|launcher:8|ice:7"
"48","37","west","offensive","sunflower|launcher|catapult|boomerang|lightning|ice","247.42","win","3475","3475","3575","33","9","50","49","2","2500","23.5","-0.08","4","1","14","135.5","launcher:9|sunflower:9|catapult:6|ice:4|boomerang:1|lightning:4"
"48","37","west","moderate","launcher|sunflower|barrier|ice|mine|catapult","270.03","win","3975","3975","3375","48","15","750","49","3","23000","28.0","-0.12","5","1","14","167.0","mine:13|sunflower:9|barrier:9|launcher:9|ice:5|catapult:3"
"48","37","west","no_tuna","launcher|sunflower|barrier|ice|mine|catapult","292.5","win","2350","2325","2400","39","7","75","49","0","26500","0.0","2.77","0","2","14","167.5","mine:13|sunflower:5|launcher:5|barrier:11|catapult:2|ice:3"
"48","37","west","strategic_tuna","launcher|sunflower|barrier|ice|mine|catapult","269.13","win","2150","2150","2275","32","0","25","49","0","8700","0.0","3.67","2","3","10","138.0","mine:11|sunflower:5|launcher:5|barrier:5|catapult:1|ice:5"
"48","37","west","late","launcher|sunflower|barrier|ice|mine|catapult","271.72","win","3800","3800","2300","29","5","1650","49","3","4800","35.0","-0.08","5","1","12","101.5","mine:7|sunflower:9|launcher:5|catapult:2|barrier:1|ice:5"
"48","37","west","world","sunflower|launcher|lightning|barrier|ice|catapult","251.5","win","3900","3850","3250","34","10","750","49","2","9250","37.5","-0.12","5","1","14","133.0","sunflower:10|launcher:8|barrier:5|ice:6|catapult:4|lightning:1"
"49","38","west","reference","launcher|sunflower|barrier|ice|mine|catapult","267.97","win","4375","4375","2125","27","2","2400","51","0","7650","0.0","4.2","6","3","10","107.5","mine:7|sunflower:5|launcher:5|ice:5|catapult:1|barrier:4"
"49","38","west","initial","launcher|sunflower|barrier|ice|mine|bomb","282.28","win","2225","2225","2325","43","9","50","51","1","25950","25.5","-0.12","0","1","11","213.5","mine:18|sunflower:7|launcher:6|barrier:9|bomb:2|ice:1"
"49","38","west","defensive","sunflower|launcher|barrier|mine|ice|spring","279.37","win","4450","4450","3675","63","25","925","51","1","28850","113.0","-0.08","6","1","15","106.5","mine:18|sunflower:21|barrier:12|launcher:7|ice:5"
"49","38","west","offensive","sunflower|launcher|catapult|boomerang|lightning|ice","258.23","win","3925","3925","3800","35","10","275","51","2","2650","31.5","-0.12","5","1","8","130.5","launcher:8|sunflower:10|ice:4|catapult:7|lightning:5|boomerang:1"
"49","38","west","moderate","launcher|sunflower|barrier|ice|mine|catapult","281.3","win","4000","4000","2800","38","7","1350","51","3","10250","43.0","-0.12","5","1","11","167.5","mine:10|sunflower:9|barrier:5|launcher:6|ice:5|catapult:3"
"49","38","west","no_tuna","launcher|sunflower|barrier|ice|mine|catapult","289.08","win","2250","2250","2400","47","20","0","51","2","30100","63.5","-0.12","0","1","15","267.5","mine:17|sunflower:12|launcher:8|barrier:9|catapult:1"
"49","38","west","strategic_tuna","launcher|sunflower|barrier|ice|mine|catapult","280.53","win","2225","2225","2350","37","7","25","51","0","24450","0.0","3.22","6","2","13","125.5","mine:13|sunflower:5|launcher:5|barrier:9|catapult:1|ice:4"
"49","38","west","late","launcher|sunflower|barrier|ice|mine|catapult","307.33","win","4400","4375","3950","56","21","575","51","5","23600","71.0","-0.12","6","1","15","102.5","mine:12|sunflower:14|launcher:12|catapult:3|barrier:10|ice:5"
"49","38","west","world","sunflower|launcher|lightning|barrier|ice|catapult","262.5","win","4350","4350","3000","31","8","1500","51","1","8100","43.5","-0.12","6","1","10","130.5","sunflower:9|launcher:8|barrier:4|ice:5|catapult:3|lightning:2"
"50","39","west","reference","launcher|sunflower|barrier|ice|mine|catapult","353.25","win","5075","5075","2650","36","3","2575","53","0","12600","0.0","3.6","6","3","12","127.0","mine:10|sunflower:5|launcher:5|barrier:8|ice:5|catapult:3"
"50","39","west","initial","launcher|sunflower|barrier|ice|mine|bomb","295.75","loss","2250","2250","2375","49","20","25","43","2","32050","59.5","-0.15","0","0","18","164.0","mine:19|sunflower:12|launcher:8|barrier:10"
"50","39","west","defensive","sunflower|launcher|barrier|mine|ice|spring","666.12","win","7275","7275","7425","131","88","0","53","3","40500","480.0","-0.14","6","1","13","98.5","mine:23|sunflower:79|barrier:9|launcher:14|ice:6"
"50","39","west","offensive","sunflower|launcher|catapult|boomerang|lightning|ice","279.07","win","4425","4425","3875","38","13","700","53","2","3500","58.0","-0.1","6","1","11","122.0","launcher:6|sunflower:15|ice:4|catapult:6|lightning:6|boomerang:1"
"50","39","west","moderate","launcher|sunflower|barrier|ice|mine|catapult","328.38","win","4875","4875","3025","41","10","2000","53","2","12750","19.5","-0.12","6","1","11","167.0","mine:12|sunflower:7|barrier:5|launcher:10|ice:5|catapult:2"
"50","39","west","no_tuna","launcher|sunflower|barrier|ice|mine|catapult","295.75","loss","2250","2250","2375","49","20","25","43","2","32050","59.5","-0.15","0","0","18","164.0","mine:19|sunflower:12|launcher:8|barrier:10"
"50","39","west","strategic_tuna","launcher|sunflower|barrier|ice|mine|catapult","332.98","win","2675","2675","2775","45","14","50","53","1","30000","18.5","-0.08","5","1","12","233.5","mine:14|sunflower:8|launcher:7|barrier:11|catapult:2|ice:3"
"50","39","west","late","launcher|sunflower|barrier|ice|mine|catapult","221.0","loss","2950","2950","3100","47","18","0","33","5","7500","104.0","-0.15","4","0","13","101.5","mine:10|sunflower:19|launcher:8|catapult:3|barrier:4|ice:3"
"50","39","west","world","sunflower|launcher|lightning|barrier|ice|catapult","297.45","win","4650","4650","2875","31","7","1925","53","2","11350","39.0","-0.08","6","1","12","97.0","sunflower:10|launcher:6|barrier:5|ice:5|catapult:4|lightning:1"
"51","40","future","reference","launcher|sunflower|barrier|ice|bomb|laser","199.0","win","3075","3075","2900","27","4","325","38","2","3700","22.5","-0.08","4","1","10","108.0","sunflower:8|launcher:6|barrier:4|ice:5|laser:3|bomb:1"
"51","40","future","initial","launcher|sunflower|barrier|ice|mine|bomb","234.68","win","1800","1800","1950","36","6","0","38","2","10350","24.5","-0.12","0","1","14","119.5","sunflower:8|launcher:6|mine:15|barrier:5|bomb:1|ice:1"
"51","40","future","defensive","sunflower|launcher|barrier|mine|ice|spring","227.65","win","3275","3275","3325","50","16","100","38","1","15950","55.5","-0.12","4","1","15","183.0","sunflower:12|launcher:9|mine:15|barrier:8|ice:6"
"51","40","future","offensive","sunflower|launcher|catapult|boomerang|lightning|laser","204.67","win","3125","3125","3150","29","7","125","38","1","2300","29.0","-0.08","4","1","10","125.5","launcher:6|sunflower:8|catapult:8|boomerang:4|lightning:3"
"51","40","future","moderate","launcher|sunflower|barrier|ice|bomb|laser","210.77","win","3150","3150","3125","28","4","175","38","2","8050","22.5","-0.08","4","1","13","108.0","sunflower:8|launcher:6|barrier:4|ice:5|laser:4|bomb:1"
"51","40","future","no_tuna","launcher|sunflower|barrier|ice|bomb|laser","248.48","win","1975","1950","2050","25","7","50","38","2","14550","22.5","-0.08","0","1","16","108.0","sunflower:8|launcher:6|barrier:7|ice:4"
"51","40","future","strategic_tuna","launcher|sunflower|barrier|ice|bomb|laser","221.2","win","1750","1750","1900","22","4","0","38","2","7000","22.5","-0.08","3","1","14","108.0","sunflower:8|launcher:6|barrier:4|ice:4"
"51","40","future","late","launcher|sunflower|barrier|ice|bomb|laser","213.7","win","2550","2550","2625","29","8","75","38","3","13700","27.5","-0.08","3","1","16","102.5","sunflower:10|launcher:5|barrier:7|ice:3|laser:2|bomb:2"
"51","40","future","world","sunflower|launcher|laser|barrier|ice|catapult","193.68","win","3025","3025","2625","27","4","550","38","2","3550","22.5","-0.08","4","1","10","108.0","sunflower:8|launcher:6|barrier:4|ice:4|laser:1|catapult:4"
"52","41","future","reference","launcher|sunflower|barrier|ice|bomb|laser","219.17","win","3250","3225","3175","31","7","200","40","2","9350","50.5","-0.12","4","1","12","114.5","sunflower:11|launcher:6|barrier:5|ice:5|laser:4"
"52","41","future","initial","launcher|sunflower|barrier|ice|mine|bomb","279.48","loss","2150","2150","2275","44","14","25","38","3","15550","49.5","-0.15","0","0","15","129.5","sunflower:11|launcher:8|mine:18|barrier:6|ice:1"
"52","41","future","defensive","sunflower|launcher|barrier|mine|ice|spring","233.18","win","3300","3300","3225","49","14","225","40","3","16550","46.0","-0.12","4","1","13","130.5","sunflower:12|launcher:8|mine:15|barrier:8|ice:6"
"52","41","future","offensive","sunflower|launcher|catapult|boomerang|lightning|laser","263.48","loss","3525","3525","3675","42","31","0","38","4","8050","116.5","-0.15","4","0","14","231.5","launcher:13|sunflower:20|catapult:4|boomerang:2|lightning:2|laser:1"
"52","41","future","moderate","launcher|sunflower|barrier|ice|bomb|laser","229.4","win","3275","3275","3050","31","8","375","40","3","8600","36.0","-0.12","4","1","13","124.0","sunflower:11|launcher:7|barrier:5|ice:5|laser:3"
"52","41","future","no_tuna","launcher|sunflower|barrier|ice|bomb|laser","258.75","win","2025","2025","2175","32","16","0","40","3","20150","69.0","-0.12","0","1","16","114.5","sunflower:14|launcher:7|barrier:9|ice:1|bomb:1"
"52","41","future","strategic_tuna","launcher|sunflower|barrier|ice|bomb|laser","246.42","win","1950","1950","2050","28","11","50","40","2","15850","50.5","-0.12","4","1","14","114.5","sunflower:11|launcher:6|barrier:8|ice:2|bomb:1"
"52","41","future","late","launcher|sunflower|barrier|ice|bomb|laser","212.0","win","2950","2925","2750","27","5","325","40","3","5200","43.5","-0.12","4","1","12","102.5","sunflower:10|launcher:5|barrier:4|ice:5|laser:3"
"52","41","future","world","sunflower|launcher|laser|barrier|ice|catapult","201.95","win","3100","3075","2750","30","7","475","40","2","9050","50.5","-0.12","4","1","12","114.5","sunflower:11|launcher:6|barrier:5|ice:3|catapult:3|laser:2"
"53","42","future","reference","launcher|sunflower|barrier|ice|bomb|laser","222.17","win","3625","3600","3100","32","9","650","42","3","7250","45.0","-0.12","5","1","12","114.0","sunflower:12|launcher:7|barrier:5|ice:5|laser:3"
"53","42","future","initial","launcher|sunflower|barrier|ice|mine|bomb","261.65","loss","1975","1975","2125","45","17","0","36","4","10900","100.0","-0.15","0","0","13","141.5","sunflower:17|launcher:6|mine:17|barrier:5"
"53","42","future","defensive","sunflower|launcher|barrier|mine|ice|spring","245.88","win","3700","3700","3225","52","16","625","42","5","12850","66.0","-0.12","5","1","15","170.0","sunflower:16|launcher:8|mine:16|barrier:7|ice:5"
"53","42","future","offensive","sunflower|launcher|catapult|boomerang|lightning|laser","214.32","win","3550","3550","3500","32","10","200","42","3","2700","25.5","-0.12","5","1","13","130.5","launcher:11|sunflower:9|catapult:4|boomerang:4|laser:2|lightning:2"
"53","42","future","moderate","launcher|sunflower|barrier|ice|bomb|laser","227.23","win","3650","3625","3050","30","7","725","42","2","10350","35.0","-0.12","5","1","14","123.0","sunflower:10|launcher:6|barrier:5|bomb:1|ice:5|laser:3"
"53","42","future","no_tuna","launcher|sunflower|barrier|ice|bomb|laser","259.5","loss","2000","1975","2100","33","24","25","31","3","20750","96.5","-0.15","0","0","17","259.5","sunflower:17|launcher:9|barrier:7"
"53","42","future","strategic_tuna","launcher|sunflower|barrier|ice|bomb|laser","283.18","win","2250","2225","2325","28","8","50","42","3","20350","39.0","-0.12","3","1","15","114.0","sunflower:10|launcher:7|barrier:6|bomb:2|ice:3"
"53","42","future","late","launcher|sunflower|barrier|ice|bomb|laser","231.8","win","3450","3450","3025","31","8","575","42","4","7000","44.0","-0.12","5","1","13","102.5","sunflower:11|launcher:6|barrier:5|ice:5|laser:2|bomb:2"
"53","42","future","world","sunflower|launcher|laser|barrier|ice|catapult","231.17","win","3675","3675","3150","34","9","675","42","3","7550","45.0","-0.12","5","1","12","114.0","sunflower:12|launcher:7|barrier:5|ice:5|catapult:4|laser:1"
"54","43","future","reference","launcher|sunflower|barrier|ice|bomb|laser","229.47","win","3675","3675","3675","37","13","150","44","2","10150","72.5","-0.14","5","1","11","148.5","sunflower:13|launcher:7|barrier:6|ice:6|bomb:2|laser:3"
"54","43","future","initial","launcher|sunflower|barrier|ice|mine|bomb","281.57","loss","2175","2175","2325","44","12","0","42","3","9250","51.0","-0.15","0","0","15","113.0","sunflower:11|launcher:7|mine:19|barrier:5|ice:2"
"54","43","future","defensive","sunflower|launcher|barrier|mine|ice|spring","245.23","win","3425","3425","3175","50","14","400","44","3","11000","56.0","-0.12","4","1","12","125.0","sunflower:14|launcher:9|mine:16|barrier:6|ice:5"
"54","43","future","offensive","sunflower|launcher|catapult|boomerang|lightning|laser","221.08","win","3625","3625","3750","34","10","25","44","2","2800","27.0","-0.12","5","1","11","136.5","launcher:9|sunflower:10|catapult:6|boomerang:4|lightning:3|laser:2"
"54","43","future","moderate","launcher|sunflower|barrier|ice|bomb|laser","245.5","win","3725","3725","3700","38","16","175","44","4","11850","46.0","-0.12","5","1","15","130.0","sunflower:12|launcher:11|barrier:6|ice:5|laser:3|bomb:1"
"54","43","future","no_tuna","launcher|sunflower|barrier|ice|bomb|laser","263.98","loss","2075","2075","2200","35","29","25","30","3","29500","81.5","-0.15","0","0","18","263.98","sunflower:16|launcher:9|barrier:10"
"54","43","future","strategic_tuna","launcher|sunflower|barrier|ice|bomb|laser","247.38","win","1950","1950","2025","29","13","75","44","3","14700","68.0","-0.12","4","1","15","114.5","sunflower:13|launcher:7|barrier:7|ice:1|bomb:1"
"54","43","future","late","launcher|sunflower|barrier|ice|bomb|laser","242.98","win","3475","3475","3500","39","18","125","44","4","13850","81.5","-0.12","5","1","13","108.5","sunflower:17|launcher:7|barrier:6|ice:6|bomb:1|laser:2"
"54","43","future","world","sunflower|launcher|laser|barrier|ice|catapult","229.92","win","3325","3325","3375","35","12","100","44","2","9450","55.5","-0.12","4","1","12","141.5","sunflower:11|launcher:8|barrier:5|ice:6|catapult:4|laser:1"
"55","44","future","reference","launcher|sunflower|barrier|ice|bomb|laser","235.5","win","3750","3700","3600","33","7","250","46","2","9100","34.0","-0.12","5","1","11","119.5","sunflower:9|launcher:7|barrier:6|ice:5|bomb:1|laser:5"
"55","44","future","initial","launcher|sunflower|barrier|ice|mine|bomb","305.03","loss","2375","2375","2475","51","23","50","39","3","24950","89.5","-0.15","0","0","14","305.03","sunflower:14|launcher:8|mine:19|barrier:10"
"55","44","future","defensive","sunflower|launcher|barrier|mine|ice|spring","272.45","win","3975","3975","3550","56","18","575","46","5","18500","66.0","-0.12","5","1","13","159.5","sunflower:15|launcher:9|mine:18|barrier:8|ice:6"
"55","44","future","offensive","sunflower|launcher|catapult|boomerang|lightning|laser","232.3","win","3700","3700","3650","34","10","200","46","2","2850","34.5","-0.12","5","1","12","130.5","launcher:7|sunflower:11|catapult:7|boomerang:4|lightning:4|laser:1"
"55","44","future","moderate","launcher|sunflower|barrier|ice|bomb|laser","251.95","loss","2850","2850","2950","42","29","50","34","3","18750","139.0","-0.15","3","0","15","251.95","sunflower:22|launcher:9|barrier:8|ice:1|laser:1|bomb:1"
"55","44","future","no_tuna","launcher|sunflower|barrier|ice|bomb|laser","273.57","win","2175","2125","2250","30","12","25","46","3","21800","53.5","-0.12","0","1","16","119.5","sunflower:10|launcher:8|barrier:9|ice:2|bomb:1"
"55","44","future","strategic_tuna","launcher|sunflower|barrier|ice|bomb|laser","269.55","win","2125","2125","2225","27","10","50","46","2","20850","28.0","-0.12","5","1","12","119.5","sunflower:8|launcher:8|barrier:7|ice:3|bomb:1"
"55","44","future","late","launcher|sunflower|barrier|ice|bomb|laser","235.5","win","3475","3450","3250","30","6","350","46","3","3600","44.0","-0.12","5","1","12","107.5","sunflower:11|launcher:5|barrier:4|ice:5|laser:5"
"55","44","future","world","sunflower|launcher|laser|barrier|ice|catapult","236.38","win","3750","3750","3050","32","7","850","46","2","9250","34.0","-0.12","5","1","11","119.5","sunflower:9|launcher:7|barrier:6|ice:5|catapult:4|laser:1"
"56","45","future","reference","launcher|sunflower|barrier|ice|bomb|laser","241.97","win","3425","3425","3200","28","4","375","48","2","7300","22.5","-0.08","4","1","12","108.0","sunflower:8|launcher:6|barrier:4|ice:5|laser:5"
"56","45","future","initial","launcher|sunflower|barrier|ice|mine|bomb","311.0","loss","2425","2425","2550","48","15","25","45","3","15650","57.5","-0.15","0","0","15","152.5","sunflower:12|launcher:8|mine:20|barrier:6|ice:2"
"56","45","future","defensive","sunflower|launcher|barrier|mine|ice|spring","260.22","win","3925","3925","3050","49","12","1025","48","2","13750","43.5","-0.12","5","1","13","176.5","sunflower:12|launcher:8|mine:17|barrier:7|ice:5"
"56","45","future","offensive","sunflower|launcher|catapult|boomerang|lightning|laser","243.3","win","3425","3400","3500","32","8","50","48","2","2600","29.0","-0.08","4","1","12","110.0","launcher:8|sunflower:9|catapult:6|lightning:5|boomerang:3|laser:1"
"56","45","future","moderate","launcher|sunflower|barrier|ice|bomb|laser","242.48","win","3425","3400","3400","30","4","150","48","2","8400","22.5","-0.08","4","1","13","108.0","sunflower:8|launcher:6|barrier:5|ice:5|laser:5|bomb:1"
"56","45","future","no_tuna","launcher|sunflower|barrier|ice|bomb|laser","278.3","win","2250","2250","2375","28","9","25","48","2","17750","22.5","-0.08","0","1","15","108.0","sunflower:8|launcher:6|barrier:8|bomb:3|ice:3"
"56","45","future","strategic_tuna","launcher|sunflower|barrier|ice|bomb|laser","308.03","loss","2500","2500","2650","32","14","0","45","2","19600","37.5","-0.15","5","0","17","108.0","sunflower:10|launcher:7|barrier:9|bomb:2|ice:4"
"56","45","future","late","launcher|sunflower|barrier|ice|bomb|laser","254.67","win","3600","3600","3550","38","13","200","48","4","12850","71.0","-0.12","5","1","13","102.5","sunflower:15|launcher:6|barrier:7|ice:5|laser:3|bomb:2"
"56","45","future","world","sunflower|launcher|laser|barrier|ice|catapult","245.5","win","3475","3475","2800","28","4","825","48","2","5450","22.5","-0.08","4","1","12","108.0","sunflower:8|launcher:6|barrier:4|ice:5|laser:1|catapult:4"
"57","46","future","reference","launcher|sunflower|barrier|ice|bomb|laser","257.5","win","3925","3925","3700","34","8","375","50","2","15550","28.0","-0.08","5","1","12","108.0","sunflower:9|launcher:6|barrier:7|ice:5|laser:5|bomb:2"
"57","46","future","initial","launcher|sunflower|barrier|ice|mine|bomb","301.48","win","2375","2375","2500","46","11","25","50","4","13300","55.5","-0.12","0","1","14","125.5","sunflower:11|launcher:7|mine:19|barrier:6|bomb:2|ice:1"
"57","46","future","defensive","sunflower|launcher|barrier|mine|ice|spring","269.32","win","3575","3575","2975","46","12","750","50","4","10400","58.0","-0.12","4","1","12","125.5","sunflower:13|launcher:8|mine:14|barrier:6|ice:5"
"57","46","future","offensive","sunflower|launcher|catapult|boomerang|lightning|laser","262.53","win","3925","3925","4025","42","21","50","50","3","5200","85.0","-0.12","5","1","11","104.5","launcher:10|sunflower:17|catapult:7|boomerang:4|lightning:4"
"57","46","future","moderate","launcher|sunflower|barrier|ice|bomb|laser","262.47","win","3950","3950","3550","35","9","550","50","3","10750","42.0","-0.08","5","1","14","108.0","sunflower:10|launcher:7|barrier:7|ice:5|laser:3|bomb:3"
"57","46","future","no_tuna","launcher|sunflower|barrier|ice|bomb|laser","304.78","loss","2450","2425","2550","33","17","25","47","2","27600","40.5","-0.15","0","0","16","274.5","sunflower:10|launcher:7|barrier:11|bomb:3|ice:2"
"57","46","future","strategic_tuna","launcher|sunflower|barrier|ice|bomb|laser","300.3","win","2425","2425","2575","29","8","0","50","2","27300","23.0","-0.08","4","1","16","107.5","sunflower:8|launcher:6|barrier:8|bomb:2|ice:5"
"57","46","future","late","launcher|sunflower|barrier|ice|bomb|laser","256.83","win","3650","3650","3400","31","6","400","50","3","9550","27.5","-0.08","5","1","14","102.5","sunflower:10|launcher:5|barrier:5|ice:5|laser:5|bomb:1"
"57","46","future","world","sunflower|launcher|laser|barrier|ice|catapult","259.65","win","3975","3950","2900","30","8","1200","50","2","12300","28.0","-0.08","5","1","12","108.0","sunflower:9|launcher:6|barrier:5|ice:5|laser:1|catapult:4"
"58","47","future","reference","launcher|sunflower|barrier|ice|bomb|laser","263.97","win","3925","3925","3550","34","9","525","52","3","7250","45.0","-0.12","5","1","12","114.0","sunflower:12|launcher:7|barrier:5|ice:5|laser:5"
"58","47","future","initial","launcher|sunflower|barrier|ice|mine|bomb","267.25","loss","2025","2000","2125","44","16","25","38","4","10650","102.5","-0.15","0","0","15","141.5","sunflower:15|launcher:7|mine:17|barrier:5"
"58","47","future","defensive","sunflower|launcher|barrier|mine|ice|spring","290.53","win","4450","4425","3300","55","16","1275","52","5","12900","66.0","-0.12","6","1","15","170.0","sunflower:16|launcher:8|mine:19|barrier:7|ice:5"
"58","47","future","offensive","sunflower|launcher|catapult|boomerang|lightning|laser","265.3","win","4375","4325","4350","37","10","125","52","3","2700","25.5","-0.12","6","1","13","130.5","launcher:11|sunflower:9|catapult:4|boomerang:5|laser:3|lightning:5"
"58","47","future","moderate","launcher|sunflower|barrier|ice|bomb|laser","263.97","win","3950","3950","3500","32","7","600","52","2","10350","35.0","-0.12","5","1","14","123.0","sunflower:10|launcher:6|barrier:5|bomb:1|ice:5|laser:5"
"58","47","future","no_tuna","launcher|sunflower|barrier|ice|bomb|laser","261.5","loss","2025","2025","2150","34","23","25","31","3","21000","98.5","-0.15","0","0","21","261.5","sunflower:18|launcher:9|barrier:7"
"58","47","future","strategic_tuna","launcher|sunflower|barrier|ice|bomb|laser","316.8","win","2550","2550","2700","31","10","0","52","3","22450","39.0","-0.12","6","1","15","114.0","sunflower:10|launcher:7|barrier:7|bomb:3|ice:4"
"58","47","future","late","launcher|sunflower|barrier|ice|bomb|laser","264.48","win","4100","4100","3500","32","8","750","52","4","6900","44.0","-0.12","6","1","13","102.5","sunflower:11|launcher:6|barrier:4|ice:5|laser:5|bomb:1"
"58","47","future","world","sunflower|launcher|laser|barrier|ice|catapult","273.3","win","4400","4400","3150","34","9","1400","52","3","7700","45.0","-0.12","6","1","12","114.0","sunflower:12|launcher:7|barrier:5|ice:5|catapult:4|laser:1"
"59","48","future","reference","launcher|sunflower|barrier|ice|bomb|laser","274.97","win","4025","4025","4125","39","13","50","54","2","10150","72.5","-0.14","5","1","11","148.5","sunflower:13|launcher:7|barrier:6|ice:6|bomb:2|laser:5"
"59","48","future","initial","launcher|sunflower|barrier|ice|mine|bomb","281.57","loss","2175","2175","2325","44","12","0","41","3","8500","51.0","-0.15","0","0","14","113.0","sunflower:11|launcher:7|mine:19|barrier:5|ice:2"
"59","48","future","defensive","sunflower|launcher|barrier|mine|ice|spring","306.9","win","4300","4300","3275","54","14","1175","54","3","11250","56.0","-0.12","5","1","12","125.0","sunflower:14|launcher:9|mine:20|barrier:6|ice:5"
"59","48","future","offensive","sunflower|launcher|catapult|boomerang|lightning|laser","274.7","win","4450","4450","4225","37","10","375","54","2","2800","27.0","-0.12","6","1","11","136.5","launcher:9|sunflower:10|catapult:6|boomerang:5|lightning:5|laser:2"
"59","48","future","moderate","launcher|sunflower|barrier|ice|bomb|laser","292.0","win","4500","4500","4100","40","16","550","54","4","11900","46.0","-0.12","6","1","15","130.0","sunflower:12|launcher:11|barrier:6|ice:6|laser:4|bomb:1"
"59","48","future","no_tuna","launcher|sunflower|barrier|ice|bomb|laser","263.98","loss","2075","2075","2200","35","27","25","30","3","26950","81.5","-0.15","0","0","15","263.98","sunflower:16|launcher:9|barrier:10"
"59","48","future","strategic_tuna","launcher|sunflower|barrier|ice|bomb|laser","314.5","win","2500","2500","2600","33","13","50","54","3","17200","68.0","-0.12","4","1","14","114.5","sunflower:13|launcher:7|barrier:8|ice:4|bomb:1"
"59","48","future","late","launcher|sunflower|barrier|ice|bomb|laser","284.47","win","4225","4225","3675","40","18","700","54","4","15400","81.5","-0.12","6","1","13","108.5","sunflower:17|launcher:7|barrier:6|ice:7|bomb:1|laser:2"
"59","48","future","world","sunflower|launcher|laser|barrier|ice|catapult","284.3","win","4175","4175","3375","35","12","950","54","2","9450","55.5","-0.12","5","1","12","141.5","sunflower:11|launcher:8|barrier:5|ice:6|catapult:4|laser:1"
"60","49","future","reference","launcher|sunflower|barrier|ice|bomb|laser","521.72","win","8375","8375","6775","54","28","1750","77","2","11600","34.0","-0.12","11","1","11","119.5","sunflower:13|launcher:11|barrier:6|ice:12|bomb:1|laser:11"
"60","49","future","initial","launcher|sunflower|barrier|ice|mine|bomb","315.48","loss","2450","2425","2550","52","22","25","44","3","26200","92.5","-0.15","0","0","20","315.48","sunflower:13|launcher:9|mine:20|barrier:10"
"60","49","future","defensive","sunflower|launcher|barrier|mine|ice|spring","873.82","win","11300","11300","8850","119","60","2600","77","5","23200","66.0","-0.12","11","1","13","159.5","sunflower:29|launcher:20|mine:39|barrier:8|ice:23"
"60","49","future","offensive","sunflower|launcher|catapult|boomerang|lightning|laser","430.8","win","7575","7575","7700","59","32","25","77","2","2850","34.5","-0.12","11","1","12","130.5","launcher:10|sunflower:13|catapult:10|boomerang:9|lightning:8|laser:9"
"60","49","future","moderate","launcher|sunflower|barrier|ice|bomb|laser","251.95","loss","3225","3225","2950","42","29","425","34","3","18400","139.0","-0.15","4","0","12","118.5","sunflower:22|launcher:9|barrier:8|ice:1|laser:1|bomb:1"
"60","49","future","no_tuna","launcher|sunflower|barrier|ice|bomb|laser","863.7","win","7125","7125","7275","75","58","0","77","3","31850","53.5","-0.12","0","1","15","119.5","sunflower:24|launcher:20|barrier:12|ice:13|bomb:2|laser:4"
"60","49","future","strategic_tuna","launcher|sunflower|barrier|ice|bomb|laser","714.12","win","5825","5825","5950","57","40","25","77","2","23250","28.0","-0.12","6","1","14","119.5","sunflower:18|launcher:13|barrier:8|ice:11|bomb:2|laser:5"
"60","49","future","late","launcher|sunflower|barrier|ice|bomb|laser","521.72","win","8075","8075","6425","51","27","1800","77","3","5100","44.0","-0.12","11","1","12","107.5","sunflower:15|launcher:9|barrier:4|ice:12|laser:11"
"60","49","future","world","sunflower|launcher|laser|barrier|ice|catapult","571.82","win","8825","8825","6750","60","35","2225","77","2","11250","34.0","-0.12","11","1","11","119.5","sunflower:16|launcher:14|barrier:6|ice:11|catapult:6|laser:7"
